date,nav,dd,n_positions,regime
2020-01-01,998540.182829739,0.001459817170261056,22,0
2020-01-02,1001582.7871833014,0.0,22,0
2020-01-03,1001929.7036266032,0.0,22,0
2020-01-06,994843.5515052573,0.00707250428417963,22,0
2020-01-07,995971.4888402314,0.005946739341897275,22,0
2020-01-08,999092.8809672915,0.0028313589756282145,22,0
2020-01-09,1003179.2800605992,0.0,22,0
2020-01-10,1004023.2947824328,0.0,22,0
2020-01-13,1006315.2696500778,0.0,22,0
2020-01-14,1008621.3931667438,0.0,22,0
2020-01-15,1009858.4948627884,0.0,22,0
2020-01-16,1009968.8778192229,0.0,22,0
2020-01-17,1009343.1345182098,0.0006195669141450738,22,0
2020-01-20,1006161.1019178006,0.00377019132475072,22,0
2020-01-21,1003279.6127918981,0.006623238769266428,22,0
2020-01-22,1003342.1036974519,0.006561364678959077,22,0
2020-01-23,1008564.200045274,0.0013908129297824784,22,0
2020-01-24,1014247.397605463,0.0,22,0
2020-01-27,1011915.3930908643,0.0022992462392354995,22,0
2020-01-28,1010111.2437376949,0.004078052236104496,22,0
2020-01-29,1012568.9701774998,0.0016548501203215676,22,0
2020-01-30,1006565.2414983326,0.007574242857578205,22,0
2020-01-31,1001723.3446281338,0.012348124340173095,22,0
2020-02-03,998102.0999171555,0.01591850048264854,22,3
2020-02-04,1006843.7402924064,0.007299656208668552,22,3
2020-02-05,1013742.7659543703,0.0004975429587339059,22,3
2020-02-06,1015590.7102830482,0.0,22,3
2020-02-07,1015516.5167722115,7.305453868912492e-05,22,3
2020-02-10,1028693.0921182425,0.0,12,2
2020-02-11,1013422.4301570674,0.014844721013660578,12,2
2020-02-12,1018659.3447041897,0.009753878480307237,12,2
2020-02-13,1044902.0858948344,0.0,12,2
2020-02-14,1032885.095655788,0.011500589769380424,12,2
2020-02-17,1019895.9507104075,0.023931558298127167,22,0
2020-02-18,1023100.683377293,0.020864541100873584,22,0
2020-02-19,1045346.3039789142,0.0,22,0
2020-02-20,1052946.7528495076,0.0,22,0
2020-02-24,1034349.254220584,0.01766233532568916,22,0
2020-02-25,1035743.0520519558,0.016338623725268866,22,0
2020-02-26,1028916.2785549841,0.022822117290823757,22,0
2020-02-27,1024034.9182355443,0.027458021534062783,22,0
2020-02-28,980955.7425236885,0.0683709884958527,21,0
2020-03-02,973098.6547205144,0.07583298767283958,22,3
2020-03-03,981910.3790222858,0.06746435528195667,22,3
2020-03-04,983704.7689323853,0.06576019511883026,22,3
2020-03-05,984697.557124266,0.06481732864510394,22,3
2020-03-06,975154.4279875176,0.07388058764744443,22,3
2020-03-09,959639.7589189513,0.08861511152206597,22,3
2020-03-11,953212.8622188234,0.09471883583930732,22,3
2020-03-12,906226.0027596923,0.1393429911747735,22,3
2020-03-13,909101.172820658,0.1366123971982169,22,3
2020-03-16,882336.8593244317,0.16203088433804239,22,3
2020-03-17,869374.8338930382,0.17434112262532084,22,3
2020-03-18,849452.0030858408,0.19326214664983277,22,3
2020-03-19,831487.2884222534,0.2103235171464613,22,3
2020-03-20,861300.9430220292,0.18200902306678118,22,3
2020-03-23,797805.7560903357,0.2423113952046519,22,3
2020-03-24,802290.6571005567,0.23805201456827702,22,3
2020-03-25,826383.4508691336,0.2151707114982248,22,3
2020-03-26,844439.3867119052,0.19802270682096237,22,3
2020-03-27,847441.824344753,0.19517124484083606,22,3
2020-03-30,842717.6851450527,0.19965783372761098,22,3
2020-03-31,860263.911979598,0.18299390766766419,22,3
2020-04-01,845323.5751519288,0.19718297923015043,22,3
2020-04-03,837905.146205755,0.20422837722971493,22,3
2020-04-07,887714.7276103542,0.1569234387133052,22,3
2020-04-08,887317.1524547352,0.15730102205694818,22,3
2020-04-09,907309.0876333491,0.1383143685300616,22,3
2020-04-13,904939.9624388353,0.14056436378205553,22,3
2020-04-15,912693.33239363,0.13320086706789377,22,3
2020-04-16,921179.4856878091,0.125141434555078,22,3
2020-04-17,930022.8573002742,0.1167427462182433,22,3
2020-04-20,920920.4075144188,0.12538748514850936,22,3
2020-04-21,905028.510251889,0.1404802685390491,22,3
2020-04-22,913976.5824427545,0.13198214442531775,22,3
2020-04-23,917025.7447497429,0.1290863072913538,22,3
2020-04-24,906917.6260361014,0.13868614573169916,22,3
2020-04-27,914857.5941983357,0.13114543378140636,22,3
2020-04-28,918325.7528195743,0.12785166929440542,22,3
2020-04-29,918011.5899302552,0.12815003470411768,21,3
2020-04-30,932607.124727352,0.1142884270230093,21,3
2020-05-04,890905.9946722757,0.1538926424709641,22,2
2020-05-05,884462.4378235366,0.1600121891919179,22,2
2020-05-06,898027.3010130285,0.14712942645697202,22,2
2020-05-07,901061.9615027525,0.14424736192568252,22,2
2020-05-08,904288.5623326686,0.14118300865123234,22,2
2020-05-11,903194.129006235,0.14222240909904393,22,3
2020-05-12,904153.2027944555,0.14131156172179057,22,3
2020-05-13,914420.389542197,0.13156065388152585,22,3
2020-05-14,907674.0284870304,0.13796777849339195,22,3
2020-05-15,905763.2655109401,0.1397824599774455,22,3
2020-05-18,891318.5346669053,0.15350084678565226,22,3
2020-05-19,889990.3016952145,0.1547622904133536,22,3
2020-05-20,901594.5506267574,0.14374155370455108,22,3
2020-05-21,904452.3104853967,0.1410274944694516,22,3
2020-05-22,904874.2051301907,0.1406268145265653,22,3
2020-05-26,907146.2722824846,0.13846899681532288,22,3
2020-05-27,920898.8077370133,0.12540799879494688,22,3
2020-05-28,929895.3262374327,0.11686386446329834,22,3
2020-05-29,941618.4209612798,0.10573025804671382,22,3
2020-06-01,951528.8065896835,0.09631820981010163,22,3
2020-06-02,958479.4079910775,0.08971711494696241,22,3
2020-06-03,965063.7346317249,0.08346387695289602,22,3
2020-06-04,961607.1087373951,0.0867466886287717,22,3
2020-06-05,968678.9160202474,0.08003048264426739,22,3
2020-06-08,970336.3391282505,0.07845640199534783,22,3
2020-06-09,968349.9370013752,0.0803429191639507,22,3
2020-06-10,966249.4946542856,0.08233774211335947,22,3
2020-06-11,959028.8849525993,0.0891952680824037,22,3
2020-06-12,964447.8256059339,0.08404881538793484,22,3
2020-06-15,956275.312675161,0.09181037874207046,22,3
2020-06-16,957410.1229184335,0.09073263170481392,22,3
2020-06-17,959221.7276554472,0.08901212235131518,22,3
2020-06-18,963800.7689805827,0.08466333518544607,22,3
2020-06-19,972103.4448012322,0.07677815409895655,22,3
2020-06-22,977437.1478955281,0.07171265284748135,22,3
2020-06-23,986836.2265167753,0.06278620087276258,22,3
2020-06-24,981437.3176498996,0.06791362906632038,22,3
2020-06-25,977804.918012263,0.07136337581543806,22,3
2020-06-26,982946.6722570253,0.06648017138857838,22,3
2020-06-29,979279.959936922,0.06996250542890889,22,3
2020-06-30,980669.0173709423,0.06864329585799636,22,3
2020-07-01,984088.8564306851,0.0653954212142995,22,3
2020-07-02,989946.2427908258,0.05983256977448144,22,3
2020-07-03,993717.046941106,0.0562513780949634,22,3
2020-07-06,1000894.2496969566,0.0494350763812941,22,3
2020-07-07,1001850.7173240046,0.04852670411606833,22,3
2020-07-08,996484.6766361562,0.05362291688592281,22,3
2020-07-09,999313.9900617505,0.05093587367320801,22,3
2020-07-10,999024.2985380021,0.051210998244288625,22,3
2020-07-13,1002374.0824448189,0.04802965607503686,22,3
2020-07-14,993138.3059195905,0.05680101749500833,22,3
2020-07-15,1000140.3540461323,0.05015106287233374,22,3
2020-07-16,1007520.3164511096,0.043142197148587046,22,3
2020-07-17,1016117.6340964951,0.03497719011274286,22,3
2020-07-20,1019608.9988482135,0.031661386400665355,22,3
2020-07-21,1025990.2350418476,0.025601026580603172,22,3
2020-07-22,1022613.5334438615,0.02880793290216971,22,3
2020-07-23,1025497.1989521177,0.02606927066644664,22,3
2020-07-24,1020692.1057552514,0.030632742830506873,22,3
2020-07-27,1023392.6551144462,0.02806798886561118,22,3
2020-07-28,1032415.5176066246,0.019498835232950665,22,3
2020-07-29,1033809.2973522708,0.018175140808826852,22,3
2020-07-30,1030288.4833363639,0.02151891294771116,22,3
2020-07-31,1039813.8072722191,0.012472563823144756,22,3
2020-08-03,1036826.3238708599,0.015309823535731725,22,3
2020-08-04,1037604.952281367,0.014570347955983776,22,3
2020-08-05,1041732.8398669959,0.01065002855288204,22,3
2020-08-06,1044795.3046651342,0.007741557835012845,22,3
2020-08-07,1047619.8692795292,0.005059024642568754,22,3
2020-08-10,1047879.6810559212,0.004812277334892524,22,3
2020-08-11,1048843.7487856995,0.0038966871332329835,22,3
2020-08-12,1044385.220929954,0.008131020772308036,22,3
2020-08-13,1046885.7296485574,0.00575624853255662,22,3
2020-08-14,1041530.5247290806,0.010842170403709541,22,3
2020-08-17,1046540.3207529272,0.006084288763171704,22,3
2020-08-18,1057297.4161028606,0.0,22,3
2020-08-19,1054294.896843521,0.002839805728842867,22,3
2020-08-20,1044086.086642745,0.01249537666403448,22,3
2020-08-21,1046799.7506117704,0.009928772482755104,22,3
2020-08-24,1045458.436235288,0.011197397900782136,22,3
2020-08-25,1044230.4183587352,0.012358866620794039,22,3
2020-08-26,1044201.6245882052,0.012386099989656365,22,3
2020-08-27,1052287.7073796734,0.004738220908221569,22,3
2020-08-28,1055399.6188850412,0.0017949511546283248,22,3
2020-08-31,1043454.1593855179,0.013093058307442123,22,3
2020-09-01,1050061.798085712,0.0068435029793402664,22,3
2020-09-02,1052729.2872316183,0.004320571299682308,22,3
2020-09-03,1057880.168785719,0.0,21,3
2020-09-04,1043828.2492604562,0.013283091922776272,20,3
2020-09-07,1044433.0532562991,0.012711378780126903,22,3
2020-09-08,1041003.6514153981,0.015953146555051183,21,3
2020-09-09,1040202.6144721711,0.01671035608299471,21,3
2020-09-10,1049889.062854616,0.0075538857489648725,21,3
2020-09-11,1054989.2112384757,0.002732783572795004,21,3
2020-09-14,1057672.227413295,0.0001965642031673423,22,3
2020-09-15,1062144.0051210353,0.0,22,3
2020-09-16,1065718.7898994351,0.0,22,3
2020-09-17,1062209.0234650667,0.003293332601088546,22,3
2020-09-18,1066410.2451978175,0.0,22,3
2020-09-21,1047503.3146784556,0.017729509449578344,22,3
2020-09-22,1041541.8819472044,0.023319696488849892,22,3
2020-09-23,1039792.3503383142,0.024960276759687053,22,3
2020-09-24,1021814.4735044271,0.04181858894755637,21,3
2020-09-25,1032648.0676997285,0.03165965223057857,21,3
2020-09-28,1043513.2218636841,0.02147112092859344,22,3
2020-09-29,1044269.7657500962,0.02076169049146208,22,3
2020-09-30,1043544.3187436684,0.02144196059360577,22,3
2020-10-01,1049829.179101986,0.015548487245408615,22,3
2020-10-05,1056649.091312079,0.009153282172310507,22,3
2020-10-06,1063849.862044144,0.002400936379974995,22,3
2020-10-07,1063176.9630738455,0.003031930852626228,22,3
2020-10-08,1070203.5892737613,0.0,22,3
2020-10-09,1070961.353554333,0.0,22,3
2020-10-12,1071140.2732525477,0.0,22,1
2020-10-13,1080183.6171415565,0.0,22,1
2020-10-14,1074483.7722402937,0.00527673703878794,22,1
2020-10-15,1042960.461011651,0.034460026554010814,22,1
2020-10-16,1052604.9471214286,0.025531464819942513,22,1
2020-10-19,1054826.2985211802,0.023475007598687963,22,3
2020-10-20,1059594.477134514,0.019060777890268985,22,3
2020-10-21,1063196.0428397886,0.015726561699501932,22,3
2020-10-22,1063128.7290720537,0.01578887866734583,22,3
2020-10-23,1065948.9685755328,0.013177989686320385,22,3
2020-10-26,1058144.7724242848,0.020402868889635703,22,3
2020-10-27,1062913.8828622866,0.015987776527263,21,3
2020-10-28,1058287.0002746165,0.02027119882162628,21,3
2020-10-29,1055754.7680511812,0.022615459726208636,21,3
2020-10-30,1057977.7248650088,0.020557516263123965,21,3
2020-11-02,1062777.4274485675,0.016114102655111772,22,3
2020-11-03,1063829.14183042,0.015140458577232192,22,3
2020-11-04,1063114.1132185175,0.01580240956459722,22,3
2020-11-05,1070910.6396518294,0.008584630744785564,22,3
2020-11-06,1076407.7936328875,0.003495538581357791,22,3
2020-11-09,1086316.5331790915,0.0,22,3
2020-11-10,1082658.8972625847,0.003367007501766402,22,3
2020-11-11,1092441.888670661,0.0,22,3
2020-11-12,1095430.3399926564,0.0,22,3
2020-11-13,1095238.8065362978,0.00017484768256453164,22,3
2020-11-14,1100638.928547713,0.0,22,3
2020-11-17,1102491.4576676108,0.0,22,3
2020-11-18,1106955.8180582798,0.0,22,3
2020-11-19,1101233.9983681287,0.005168968441927367,22,3
2020-11-20,1105646.8638568472,0.001182480980793516,22,3
2020-11-23,1111487.5344845646,0.0,22,3
2020-11-24,1113585.2105025412,0.0,22,3
2020-11-25,1104772.193073897,0.007914093457353907,22,3
2020-11-26,1111344.7506371615,0.002011933926788174,22,3
2020-11-27,1112295.059993855,0.0011585557140292655,22,3
2020-12-01,1120742.3793406307,0.0,22,3
2020-12-02,1128144.4551509523,0.0,22,3
2020-12-03,1129679.591178168,0.0,22,3
2020-12-04,1135689.4163521235,0.0,22,3
2020-12-07,1140133.9047339177,0.0,22,0
2020-12-08,1138363.271347651,0.0015530047645411244,22,0
2020-12-09,1141958.8721300035,0.0,22,0
2020-12-10,1136133.8868917858,0.0051008713013918575,22,0
2020-12-11,1142532.0163195294,0.0,22,0
2020-12-14,1150423.31689682,0.0,12,2
2020-12-15,1161118.0219265472,0.0,12,2
2020-12-16,1172512.9511347117,0.0,12,2
2020-12-17,1173575.113321217,0.0,12,2
2020-12-18,1164879.6736255717,0.007409359313216234,12,2
2020-12-21,1099120.408213192,0.06344264143205826,12,2
2020-12-22,1109160.3327015215,0.054887650469514264,12,2
2020-12-23,1125984.1335003395,0.04055213789102523,12,2
2020-12-24,1140174.9624990001,0.028460173058454236,12,2
2020-12-28,1152766.696575636,0.017730792438749962,12,2
2020-12-29,1150016.3788563285,0.020074330307002893,12,2
2020-12-30,1154789.1555930006,0.01600746089021279,12,2
2020-12-31,1155934.9273186773,0.015031152077362978,12,2
2021-01-01,1160707.6700529843,0.01096431163389098,12,2
2021-01-04,1181718.348183545,0.0,22,0
2021-01-05,1183147.614505368,0.0,22,0
2021-01-06,1193353.73796555,0.0,22,0
2021-01-07,1216702.0893581065,0.0,22,0
2021-01-08,1219676.4814435674,0.0,22,0
2021-01-11,1213204.6659746263,0.005306173864467155,22,1
2021-01-12,1221504.0071211911,0.0,22,1
2021-01-13,1224805.0306698645,0.0,22,1
2021-01-14,1229651.3927451898,0.0,22,1
2021-01-15,1213542.3924376073,0.01310046115722221,22,1
2021-01-18,1200109.7444582426,0.02402440924414823,12,2
2021-01-19,1239803.852745913,0.0,12,2
2021-01-20,1257148.6779787717,0.0,12,2
2021-01-21,1221140.0709138473,0.028643077541805662,12,2
2021-01-22,1199819.4667334177,0.045602570522945016,12,2
2021-01-25,1187684.5924582225,0.055255266729654216,22,0
2021-01-27,1182556.826491574,0.05933415258975219,22,0
2021-01-28,1174911.795330944,0.0654153992191657,22,0
2021-01-29,1172830.6781690274,0.067070825660263,22,0
2021-02-01,1190540.611477903,0.05298344393756217,22,3
2021-02-02,1203008.2486037253,0.04306605123436372,22,3
2021-02-03,1209169.348265215,0.038165199195609276,22,3
2021-02-04,1215414.2985272168,0.033197648124369025,22,3
2021-02-05,1213068.8008045896,0.03506337631047203,22,3
2021-02-08,1235243.112763046,0.0174248007411066,22,0
2021-02-09,1232670.5433472393,0.01947115330136458,22,0
2021-02-10,1242483.683223498,0.011665282724436288,22,0
2021-02-11,1249630.1952709304,0.005980583553513691,22,0
2021-02-12,1254619.8284928834,0.0020115755043025076,22,0
2021-02-15,1284324.8305899622,0.0,22,0
2021-02-16,1289908.0458393302,0.0,22,0
2021-02-17,1301943.048839311,0.0,22,0
2021-02-18,1305174.5052440853,0.0,22,0
2021-02-19,1280405.567331941,0.018977491371938885,22,0
2021-02-22,1267887.1188204642,0.028568889657132744,22,1
2021-02-23,1280475.0491022503,0.018924255754762805,22,1
2021-02-24,1293729.2292822944,0.00876915379192954,22,1
2021-02-25,1316069.0696379233,0.0,22,1
2021-02-26,1278724.1945440455,0.028376075356099737,22,1
2021-03-01,1319402.9039553883,0.0,22,1
2021-03-02,1339808.6941429663,0.0,22,1
2021-03-03,1360140.3054102808,0.0,22,1
2021-03-04,1369964.7767013982,0.0,22,1
2021-03-05,1341558.1123186564,0.020735324634505833,22,1
2021-03-08,1345529.059605125,0.017836748441890177,22,1
2021-03-09,1336783.4976977047,0.024220534402050384,22,1
2021-03-10,1352924.4957917274,0.012438481046717381,22,1
2021-03-12,1341808.021397011,0.020552904558745776,22,1
2021-03-15,1337573.0059074946,0.023644236220362203,22,1
2021-03-16,1340807.0374495136,0.021283568561587876,22,1
2021-03-17,1308118.8898256745,0.04514414379662832,22,1
2021-03-18,1298059.0551119188,0.05248727763834483,22,1
2021-03-19,1317971.7257027545,0.0379521078810746,22,1
2021-03-22,1328524.1802611295,0.03024938826533144,22,1
2021-03-23,1334004.0636918927,0.026249370510161404,22,1
2021-03-24,1293172.595376129,0.05605412827486661,22,1
2021-03-25,1264186.6191750441,0.07721231912330387,22,1
2021-03-26,1287823.0408014504,0.05995901303223921,22,1
2021-03-30,1308613.2205907337,0.04478330914345609,22,1
2021-03-31,1313535.7760989023,0.041190110550408186,22,1
2021-04-01,1344447.1509235043,0.01862648311246022,22,1
2021-04-05,1329001.015135281,0.02990132466379883,22,0
2021-04-06,1345718.1779815515,0.017698702282132873,22,0
2021-04-07,1368560.91046448,0.0010247462276354068,22,0
2021-04-08,1385442.51375232,0.0,22,0
2021-04-09,1392489.2787981075,0.0,21,0
2021-04-12,1308453.4432563707,0.0603493591090843,22,0
2021-04-13,1335964.513092819,0.04059260388279367,21,0
2021-04-15,1341677.2157610077,0.03649009282208402,21,0
2021-04-16,1357471.299621063,0.025147754966752325,21,0
2021-04-19,1339831.3029037265,0.03781571369786881,22,0
2021-04-20,1343881.3335413516,0.03490723124181657,21,0
2021-04-22,1357116.7814717991,0.02540234805745814,21,0
2021-04-23,1362527.1796217854,0.021516933474836627,21,0
2021-04-26,1373544.7386914212,0.013604801412214682,22,0
2021-04-27,1403826.8327865168,0.0,22,0
2021-04-28,1422706.291827205,0.0,22,0
2021-04-29,1444938.1441871775,0.0,22,0
2021-04-30,1435286.9136852603,0.0066793381714940515,22,0
2021-05-03,1454437.9529447998,0.0,22,0
2021-05-04,1451790.3752591654,0.001820344195690042,22,0
2021-05-05,1459538.6571030207,0.0,22,0
2021-05-06,1476190.0501867693,0.0,22,0
2021-05-07,1484304.633791669,0.0,22,0
2021-05-10,1497093.2405214147,0.0,22,0
2021-05-11,1497913.084601872,0.0,22,0
2021-05-12,1471563.1982901404,0.01759106491731797,21,0
2021-05-14,1441211.960354084,0.03785341408033597,21,0
2021-05-17,1474692.7206756447,0.015501809928043262,22,0
2021-05-18,1493310.5939249443,0.003072601958177635,22,0
2021-05-19,1488147.1189552464,0.006519714492794606,22,0
2021-05-20,1472823.9394327442,0.01674939983303246,21,0
2021-05-21,1484950.7177031704,0.008653617510889675,21,0
2021-05-24,1481804.4451866674,0.0107540548118558,22,0
2021-05-25,1483199.9824136975,0.009822400471309691,22,0
2021-05-26,1484404.1545858223,0.009018500575846274,22,0
2021-05-27,1492571.6315577007,0.003565929892114474,22,0
2021-05-28,1494200.591342336,0.0024784437079155416,22,0
2021-05-31,1509994.5897260276,0.0,22,0
2021-06-01,1509580.4628758626,0.0002742571748155071,22,0
2021-06-02,1540579.1038727649,0.0,22,0
2021-06-03,1540007.7244919268,0.00037088610341504667,22,0
2021-06-04,1556431.5675734049,0.0,22,0
2021-06-07,1564376.333470574,0.0,22,0
2021-06-08,1568699.9596581378,0.0,22,0
2021-06-09,1548922.7815905702,0.012607368251528169,22,0
2021-06-10,1568782.369536809,0.0,22,0
2021-06-11,1572845.670778365,0.0,22,0
2021-06-14,1552878.0435019075,0.012695223471337842,12,2
2021-06-15,1560824.2694527693,0.007643090195649445,11,2
2021-06-16,1543769.5240569813,0.01848633166087724,11,2
2021-06-17,1537391.0261559186,0.022541718670275396,11,2
2021-06-18,1512942.169436115,0.03808606429428335,10,2
2021-06-21,1524262.1464132795,0.03088893288623974,12,2
2021-06-22,1531150.114468843,0.026509629701233155,11,2
2021-06-23,1524631.299843333,0.03065422872110012,11,2
2021-06-24,1529999.5140847557,0.02724117024933912,11,2
2021-06-25,1551681.530730337,0.013455954669446086,11,2
2021-06-28,1558300.7557947806,0.00924751566781921,22,1
2021-06-29,1561895.9709773588,0.00696171277604598,22,1
2021-06-30,1576878.6566013738,0.0,22,1
2021-07-01,1582653.192496116,0.0,22,1
2021-07-02,1588814.0852253332,0.0,22,1
2021-07-05,1577718.8330289507,0.0069833546288135505,12,2
2021-07-06,1574267.5368674246,0.00915560133383734,12,2
2021-07-07,1582517.2502060458,0.003963229604925345,12,2
2021-07-08,1572010.467914359,0.010576201122103668,12,2
2021-07-09,1582788.6706054893,0.0037923975346614504,12,2
2021-07-12,1585764.5078119338,0.001919404820084387,12,2
2021-07-13,1582606.8437626148,0.003906839397032486,12,2
2021-07-14,1595262.808267277,0.0,12,2
2021-07-15,1604191.7111643134,0.0,12,2
2021-07-16,1599832.2210250455,0.0027175618156658967,12,2
2021-07-19,1584840.8863219991,0.012062663525589167,12,2
2021-07-20,1567601.8576134362,0.0228089032602721,12,2
2021-07-22,1596584.9680869158,0.004741791784896238,12,2
2021-07-23,1612629.9630420832,0.0,12,2
2021-07-26,1629309.3186288709,0.0,12,2
2021-07-27,1632825.7141050335,0.0,12,2
2021-07-28,1640029.5541005635,0.0,12,2
2021-07-29,1688298.470513989,0.0,12,2
2021-07-30,1701698.6249827174,0.0,12,2
2021-08-02,1701628.1291564472,4.142673986759225e-05,12,2
2021-08-03,1705246.3304426412,0.0,12,2
2021-08-04,1689043.1972275323,0.00950193114381483,12,2
2021-08-05,1703229.6806266322,0.0011826149571513866,12,2
2021-08-06,1716923.1980081494,0.0,12,2
2021-08-09,1709116.2245509168,0.004547072033443122,12,2
2021-08-10,1682392.297795847,0.020112082038592407,12,2
2021-08-11,1669593.7535643307,0.027566430751664872,12,2
2021-08-12,1694448.3724703856,0.013090175241290608,12,2
2021-08-13,1698265.4147189294,0.010866987708515656,12,2
2021-08-16,1705699.2682655165,0.006537234604118631,12,2
2021-08-17,1722708.8109903967,0.0,12,2
2021-08-18,1737417.5090562885,0.0,12,2
2021-08-20,1696353.3211030285,0.023635187132173444,12,2
2021-08-23,1679759.7758634712,0.03318588243313791,12,2
2021-08-24,1718299.928288787,0.011003446591191365,12,2
2021-08-25,1723573.2358359252,0.00796830534295875,12,2
2021-08-26,1721913.7566805012,0.008923446606802367,12,2
2021-08-27,1742461.3969601537,0.0,12,2
2021-08-30,1767230.4266076419,0.0,12,2
2021-08-31,1795414.6180602121,0.0,12,2
2021-09-01,1776073.8682791747,0.010772302724110283,12,2
2021-09-02,1787936.7640169298,0.00416497335382147,12,2
2021-09-03,1799528.107638371,0.0,12,2
2021-09-06,1811276.1083717889,0.0,12,2
2021-09-07,1812663.27230298,0.0,12,2
2021-09-08,1804596.5106989534,0.004450226209845294,12,2
2021-09-09,1816173.3066335525,0.0,12,2
2021-09-13,1845426.8762697463,0.0,12,2
2021-09-14,1858775.5609050381,0.0,12,2
2021-09-15,1866516.772169684,0.0,12,2
2021-09-16,1869536.6067742999,0.0,12,2
2021-09-17,1869580.9308211699,0.0,12,2
2021-09-20,1829188.309300989,0.021605174108424094,12,2
2021-09-21,1827339.3377176416,0.022594150596612374,11,2
2021-09-22,1829805.6883418555,0.021274950885300258,11,2
2021-09-23,1868593.6288647081,0.0005280873056552268,11,2
2021-09-24,1871636.5271302613,0.0,11,2
2021-09-27,1866582.8168639338,0.0027001558224962765,12,2
2021-09-28,1843099.6130565605,0.015247038439378932,12,2
2021-09-29,1841352.2793739396,0.016180624452096927,12,2
2021-09-30,1856364.2698221337,0.008159841447176821,12,2
2021-10-01,1848723.2252421645,0.012242388709537156,12,2
2021-10-04,1904159.3627013434,0.0,12,2
2021-10-05,1906900.0328060212,0.0,12,2
2021-10-06,1926371.812538381,0.0,12,2
2021-10-07,1977907.5241863234,0.0,12,2
2021-10-08,1984097.635711453,0.0,12,2
2021-10-11,1976362.7041113353,0.003898463190972967,12,2
2021-10-12,1988373.6606350408,0.0,12,2
2021-10-13,1996447.9054006236,0.0,12,2
2021-10-14,2068836.914542534,0.0,12,2
2021-10-18,2077926.7524556094,0.0,12,2
2021-10-19,2055730.4436352027,0.01068194958950116,12,2
2021-10-20,1944227.2096663269,0.06434276022062944,11,2
2021-10-21,1910801.5516809719,0.08042882193856725,11,2
2021-10-22,1894378.9289130694,0.08833219136604821,11,2
2021-10-25,1832748.9387705273,0.1179915573998655,12,2
2021-10-26,1867906.6820177005,0.10107193152487964,12,2
2021-10-27,1855782.9638071344,0.1069064577882519,12,2
2021-10-28,1847896.2350338174,0.11070193747202653,12,2
2021-10-29,1821527.8894768073,0.12339167522425913,12,2
2021-11-01,1850607.110735259,0.10939733147557451,12,2
2021-11-02,1853832.276170912,0.10784522410131718,12,2
2021-11-03,1844320.8702055176,0.11242257792485988,12,2
2021-11-04,1865364.6427928866,0.10229528514974146,12,2
2021-11-08,1882975.5999825965,0.09382003106828841,12,2
2021-11-09,1899880.9007961801,0.08568437335388358,12,2
2021-11-10,1897714.9299628518,0.08672674447248468,12,2
2021-11-11,1887046.5676601967,0.09186088228078215,12,2
2021-11-12,1898754.1613033866,0.08622661551495207,12,2
2021-11-15,1903879.4437425483,0.08376007888987376,22,1
2021-11-16,1903769.9667066284,0.08381276459488744,22,1
2021-11-17,1896742.6741946633,0.08719464150833522,22,1
2021-11-18,1868328.018716408,0.10086916369477711,22,1
2021-11-22,1820544.029709905,0.12386515667192793,22,1
2021-11-23,1848422.6124685088,0.11044861890145162,22,1
2021-11-24,1843422.7343448715,0.11285480483544985,22,1
2021-11-25,1865570.6355121348,0.10219615137661653,22,1
2021-11-26,1797771.0756538124,0.1348246161568113,20,1
2021-11-29,1776439.8027011445,0.14509026817147422,22,0
2021-11-30,1790627.4717091043,0.13826246782134477,21,0
2021-12-01,1805789.6355986302,0.1309656928644759,21,0
2021-12-02,1833939.258599316,0.1174187172709331,21,0
2021-12-03,1826250.7075521073,0.12111882413857061,21,0
2021-12-06,1779257.8550028706,0.1437340835521676,22,0
2021-12-07,1802628.3111945305,0.13248707681141428,21,0
2021-12-08,1831933.5831788788,0.11838394639562048,21,0
2021-12-09,1840396.8667587708,0.11431100033537536,21,0
2021-12-10,1851133.7726293693,0.10914387600921224,21,0
2021-12-13,1862483.1457507573,0.10368200248168015,22,0
2021-12-14,1860470.772469455,0.10465045494465762,22,0
2021-12-15,1848691.4760009376,0.11031922861754911,22,0
2021-12-16,1852737.3932544894,0.10837213531949591,22,0
2021-12-17,1816769.1966220532,0.12568179100872098,22,0
2021-12-20,1751297.6934622843,0.15718988102315357,22,0
2021-12-21,1786819.7696048494,0.14009492033669693,22,0
2021-12-22,1827171.4469363485,0.12067571930672172,22,0
2021-12-23,1842087.1111247719,0.11349757206414124,22,0
2021-12-24,1841339.1717659035,0.11385751707085744,22,0
2021-12-27,1877737.9672197492,0.09634063616500686,22,1
2021-12-28,1887887.4189077255,0.09145622352823704,22,1
2021-12-29,1894506.984046178,0.08827056497187566,22,1
2021-12-30,1905435.4926809666,0.08301123202288031,22,1
2021-12-31,1923172.292463619,0.07447541632981423,22,1
2022-01-03,1949751.966032613,0.06168397720060371,22,1
2022-01-04,1948887.7665841023,0.062099872249594006,22,1
2022-01-05,1928482.0010806469,0.07192012480630261,22,1
2022-01-06,1928297.8600613703,0.07200874247247346,22,1
2022-01-07,1948303.864654265,0.06238087442118025,22,1
2022-01-10,1965024.9531778293,0.054333868671914136,22,1
2022-01-11,1979940.4236771315,0.04715581464201353,22,1
2022-01-12,1992291.8690435672,0.04121169493142256,22,1
2022-01-13,1993637.1068290551,0.04056430070354703,22,1
2022-01-14,2003526.5264914506,0.035805028197570296,22,1
2022-01-17,2022620.1745169924,0.026616230756574027,22,0
2022-01-18,1976120.4000050998,0.04899419689851865,22,0
2022-01-19,1988185.0760138438,0.04318808463085263,22,0
2022-01-20,1997699.5380851477,0.03860926005964954,22,0
2022-01-21,1949485.616720704,0.061812157518603084,22,0
2022-01-24,1864653.4575762707,0.10263754226528966,22,0
2022-01-25,1900264.3029088418,0.08549986150224659,22,0
2022-01-27,1887293.4100948984,0.09174208962632019,22,0
2022-01-28,1910807.8671470515,0.08042578262735373,22,0
2022-01-31,1929229.931212631,0.07156018424001447,22,0
2022-02-01,1955770.7286380888,0.05878745421279242,22,0
2022-02-02,1975257.944640361,0.04940925260908189,22,0
2022-02-03,1962201.746951333,0.05569253361193664,22,0
2022-02-04,1973887.488913682,0.05006878294385399,22,0
2022-02-07,1948301.555065586,0.06238198590823165,22,0
2022-02-08,1921180.018012075,0.07543419625273003,22,0
2022-02-09,1937024.1399906387,0.06780922970381785,22,0
2022-02-10,1944740.3248048786,0.06409582411571367,22,0
2022-02-11,1910317.1514859882,0.08066193900797851,22,0
2022-02-14,1830590.100358147,0.11903049604860712,22,0
2022-02-15,1881457.658941928,0.09455053855074638,22,0
2022-02-16,1880744.1980186698,0.09489389084765246,22,0
2022-02-17,1886328.4860208784,0.09220645829228961,22,0
2022-02-18,1880454.6779410096,0.09503322207158423,22,0
2022-02-21,1847655.8352230364,0.1108176296207016,22,0
2022-02-22,1828705.3630385261,0.11993752384320742,22,0
2022-02-23,1842882.0773644112,0.1131149954219666,22,0
2022-02-24,1738623.3196266643,0.16328940970992847,21,0
2022-02-25,1810864.8304305556,0.1285232608461539,21,0
2022-02-28,1817372.701467798,0.12539135495507678,22,0
2022-03-02,1829969.2172402414,0.11932929537691446,22,0
2022-03-03,1841813.2590291884,0.11362936308866114,22,0
2022-03-04,1798185.2036768757,0.1346253174940582,22,0
2022-03-07,1795707.599429767,0.13581766185565836,22,0
2022-03-08,1791228.8776911444,0.13797304184358622,22,0
2022-03-09,1816295.7255601154,0.12590964844468605,22,0
2022-03-10,1815952.6539681202,0.12607475127691523,22,0
2022-03-11,1830498.2751944172,0.11907468680923966,22,0
2022-03-14,1832486.693841835,0.11811776248788523,22,0
2022-03-15,1804076.3793829114,0.13179019556347343,22,0
2022-03-16,1823110.3673378516,0.1226301094668646,22,0
2022-03-17,1851434.7953491576,0.10899900915120937,22,0
2022-03-21,1847542.4208673844,0.11087221015657368,22,0
2022-03-22,1857828.2361953016,0.1059221726657132,22,0
2022-03-23,1859527.051574392,0.10510461960370908,22,0
2022-03-24,1876507.6842495876,0.0969327085124598,22,0
2022-03-25,1879179.0529168495,0.09564711523343541,22,0
2022-03-28,1881699.08495606,0.0944343525428197,22,0
2022-03-29,1875167.6740765274,0.09757758695751406,22,0
2022-03-30,1883283.6489545128,0.09367178283405576,22,0
2022-03-31,1879505.6454076574,0.09548994295081191,22,0
2022-04-01,1897847.0188408697,0.08666317684294156,22,0
2022-04-04,1919696.4785422361,0.07614814801647032,22,0
2022-04-05,1952135.4964727825,0.06053690575674621,22,0
2022-04-06,1966330.4013637628,0.05370562314574687,22,0
2022-04-07,1955417.4504695882,0.058957468948914925,22,0
2022-04-08,1994833.2720265375,0.039988647497259194,22,0
2022-04-11,2016451.9560765547,0.02958467920315586,22,0
2022-04-12,1991554.1230940549,0.04156673437092181,22,0
2022-04-13,1978347.4745190933,0.04792241969974993,22,0
2022-04-18,1992783.722425251,0.04097499102398089,22,0
2022-04-19,1963592.2608023083,0.05502335032656238,21,0
2022-04-20,1952233.9118809702,0.060489543448103,21,0
2022-04-21,1968825.9237298493,0.05250465570878722,20,0
2022-04-22,1972138.090123551,0.0509106792176585,20,0
2022-04-25,1925230.5791358168,0.07348486809717546,22,0
2022-04-26,1963359.5289101982,0.05513535229767856,22,0
2022-04-27,1932771.4172827704,0.06985584790286777,22,0
2022-04-28,1942865.3053614984,0.06499817519289401,21,0
2022-04-29,1924890.0430217837,0.07364875073338034,21,0
2022-05-02,1905948.5265015452,0.08276433505215104,22,0
2022-05-04,1869176.5080045762,0.1004608291434434,22,0
2022-05-05,1880296.4592780017,0.09510936463186503,22,0
2022-05-06,1847665.4506696572,0.11081300219742526,22,0
2022-05-09,1836452.4756243736,0.1162092342985003,1,0
2022-05-10,1829837.6145709818,0.11939262901901904,1,0
2022-05-11,1821569.1565372879,0.1233718154960797,1,0
2022-05-12,1819915.401846258,0.12416768315073863,1,0
2022-05-13,1795109.554612993,0.1361054702762715,1,0
2022-05-16,1783533.5871972393,0.14167639206265006,1,0
2022-05-17,1800070.8186860827,0.13371786731229474,1,0
2022-05-18,1793869.3174500847,0.13670233306820712,1,0
2022-05-19,1802137.9331945064,0.13272307069302944,1,0
2022-05-20,1815781.0151186837,0.12615735228738575,1,0
2022-05-23,1829424.2547535885,0.11959155798362515,1,1
2022-05-24,1821982.5163546817,0.12317288653147335,1,1
2022-05-25,1824049.6308631054,0.12217808991220808,1,1
2022-05-26,1813713.9006102602,0.1271521489066509,1,1
2022-05-27,1822396.0338828033,0.12297388166875,1,1
2022-05-30,1818261.6471552288,0.12496355080539723,1,0
2022-05-31,1817021.4099923202,0.12556041359733294,1,0
2022-06-01,1799243.9413405685,0.13411580113962385,1,0
2022-06-02,1818261.647155229,0.12496355080539712,1,0
2022-06-03,1825290.025736742,0.12158115122215526,1,0
2022-06-06,1819088.5245007437,0.12456561697806777,1,0
2022-06-07,1813300.5407928668,0.12735107787125702,1,0
2022-06-08,1814127.4181383816,0.12695314404392768,1,0
2022-06-09,1817021.4099923198,0.12556041359733316,1,0
2022-06-10,1811233.426284443,0.12834587449052243,1,0
2022-06-13,1826943.6227170434,0.12078535946561367,1,0
2022-06-14,1801311.0558489913,0.13312100452035902,1,0
2022-06-15,1802964.810540021,0.1323251368657002,1,0
2022-06-16,1807512.5570849893,0.13013653876444664,1,0
2022-06-17,1822396.0338828028,0.12297388166875023,1,0
2022-06-20,1811646.7861018362,0.1281469455259163,1,0
2022-06-21,1809993.0314108063,0.12894281318057524,1,0
2022-06-22,1805858.8023939594,0.13093240641910556,1,0
2022-06-23,1809166.1540652914,0.1293407470079047,1,0
2022-06-24,1805031.9250484444,0.13133034024643503,1,0
2022-06-27,1813713.9006102595,0.12715214890665125,1,0
2022-06-28,1810819.908756321,0.12854487935324588,1,0
2022-06-29,1809166.1540652912,0.12934074700790482,1,0
2022-06-30,1809166.1540652912,0.12934074700790482,1,0
2022-07-01,1833972.0012985559,0.11740295988237204,1,0
2022-07-04,1847201.7234053395,0.11103617044133457,1,0
2022-07-05,1852162.8297677014,0.10864864337547477,1,0
2022-07-06,1826116.745371528,0.12118329329294336,1,0
2022-07-07,1802137.9331945055,0.13272307069302988,1,0
2022-07-08,1801311.0558489906,0.13312100452035935,1,0
2022-07-11,1800897.696031597,0.1333199334849656,1,0
2022-07-12,1803378.1703574138,0.1321262079010943,1,0
2022-07-13,1795936.4319585073,0.1357075364489424,1,0
2022-07-14,1790148.4482506304,0.13849299734213166,1,0
2022-07-15,1782293.35003433,0.14227325485458608,1,0
2022-07-18,1800484.1785034754,0.13351893834768894,1,0
2022-07-19,1793869.3174500838,0.13670233306820756,1,0
2022-07-20,1793869.3174500838,0.13670233306820756,1,0
2022-07-21,1778985.8406522705,0.14386499016390386,1,0
2022-07-22,1806272.1622113525,0.13073347745449956,1,0
2022-07-25,1802551.293011899,0.13252414172842367,1,0
2022-07-26,1796763.3093040222,0.13530960262161293,1,0
2022-07-27,1801311.0558489908,0.13312100452035924,1,0
2022-07-28,1819915.4018462577,0.12416768315073874,1,0
2022-07-29,1821569.1565372876,0.12337181549607981,1,0
2022-08-01,1849026.7987658766,0.11015785489995167,22,0
2022-08-02,1856546.7149814977,0.10653890336244708,22,0
2022-08-03,1850554.882326563,0.10942246634071565,22,0
2022-08-04,1851904.7973443158,0.10877282119987629,22,0
2022-08-05,1851342.982066208,0.10904319419422935,22,0
2022-08-08,1885681.317052633,0.09251790765761522,22,0
2022-08-10,1890105.1730265217,0.0903889317595665,22,0
2022-08-11,1901917.4469748705,0.08470428771020837,22,0
2022-08-12,1910833.8728407375,0.08041326741542182,22,0
2022-08-16,1950089.917165511,0.06152133858377152,22,0
2022-08-17,1952656.0947514286,0.06028636839876143,22,0
2022-08-18,1961964.257616365,0.05580682509727762,22,0
2022-08-19,1942335.8898247385,0.06525295584680024,22,0
2022-08-22,1913238.470332898,0.07925605747560134,22,0
2022-08-23,1931121.2063644892,0.07065001012072798,22,0
2022-08-24,1952870.0645718484,0.06018339565433387,22,0
2022-08-25,1949540.246157812,0.061785867161138125,22,0
2022-08-26,1961734.3268938193,0.055917479008573634,22,0
2022-08-29,1948650.8290884667,0.06221389816285374,22,0
2022-08-30,1987315.537992475,0.04360654886225111,22,0
2022-09-01,1992611.8920858102,0.04105768418880865,22,0
2022-09-02,1992875.8360421145,0.04093066144559,22,0
2022-09-05,2001446.8819326856,0.03680585488999695,22,0
2022-09-06,2001491.3460885903,0.03678445656310589,22,0
2022-09-07,2010257.2077413008,0.032565895132896025,22,0
2022-09-08,2024243.3379488005,0.025835085112296655,22,0
2022-09-09,2006832.8850229655,0.03421384673383123,22,0
2022-09-12,2021127.275674006,0.0273346867085089,22,0
2022-09-13,2018779.6185848983,0.028464494141005405,22,0
2022-09-14,2016782.3283832115,0.029425687888247204,22,0
2022-09-15,2037393.9569017696,0.01950636397839325,22,0
2022-09-16,1996955.2529751167,0.03896744646306894,21,0
2022-09-19,2013160.0481677104,0.03116890632037934,22,0
2022-09-20,2039403.6956410387,0.01853917938591709,21,0
2022-09-21,2027500.6178519514,0.024267522685323936,21,0
2022-09-22,2042152.122980375,0.01721650170438265,21,0
2022-09-23,1999104.229418568,0.03793325387619754,21,0
2022-09-26,1916484.476141612,0.07769392069437069,22,0
2022-09-27,1906487.1200671028,0.08250513748182228,21,0
2022-09-28,1890833.457549128,0.09003844562152258,21,0
2022-09-29,1907999.5214878172,0.08177729593546987,21,0
2022-09-30,1943635.5495285979,0.06462749602136439,21,0
2022-10-03,1920012.639921709,0.07599599569488383,22,0
2022-10-04,1987479.3146786056,0.04352773150935981,21,0
2022-10-06,2025634.6358296748,0.025165524513382345,21,0
2022-10-07,2046935.8199103535,0.014914352735789192,21,0
2022-10-10,2041788.6419988654,0.017391426533219914,22,0
2022-10-11,2000652.3902234319,0.03718820316493727,22,0
2022-10-12,2017555.944566568,0.029053385937544585,22,0
2022-10-13,2036291.5219790468,0.020036909591428,22,0
2022-10-14,2032174.1261390604,0.022018401881818226,21,0
2022-10-17,2032100.242876372,0.022053958121998965,22,0
2022-10-18,2052749.8927169533,0.012116336492084285,22,0
2022-10-19,2047197.082522867,0.014788620386366986,22,0
2022-10-20,2057730.6503699496,0.009719352263881686,22,0
2022-10-21,2045576.7249691319,0.015568415704859454,22,0
2022-10-24,2062837.5649962428,0.007261655128860938,22,0
2022-10-25,2077400.6607945273,0.0002531810423348182,22,0
2022-10-27,2083191.177102052,0.0,22,0
2022-10-28,2079309.2630918373,0.0018634458771156993,22,0
2022-10-31,2086614.7500873925,0.0,22,0
2022-11-01,2099729.79040907,0.0,22,0
2022-11-02,2114560.1433798387,0.0,22,0
2022-11-03,2145021.8990738974,0.0,22,0
2022-11-04,2170727.892422021,0.0,22,0
2022-11-07,2208096.8493039804,0.0,22,1
2022-11-09,2204661.98029514,0.0015555789638136755,22,1
2022-11-10,2166854.0990622635,0.01867796254259277,22,1
2022-11-11,2173626.43304828,0.015610916824851186,22,1
2022-11-14,2174419.88059065,0.015251581344335494,22,1
2022-11-15,2212765.6051016473,0.0,22,1
2022-11-16,2237172.810644914,0.0,22,1
2022-11-17,2235191.98174468,0.000885416133616797,22,1
2022-11-18,2211498.7615351467,0.011476113507014277,22,1
2022-11-21,2185248.3736615805,0.023209846256072225,22,1
2022-11-22,2220047.2059108764,0.007655020949901813,22,1
2022-11-23,2252105.5300817755,0.0,22,1
2022-11-24,2267666.094299259,0.0,22,1
2022-11-25,2276718.0764998766,0.0,22,1
2022-11-28,2315310.4727652646,0.0,22,1
2022-11-29,2296761.737173232,0.008011338354065022,22,1
2022-11-30,2320576.5438667913,0.0,22,1
2022-12-01,2335441.2055895044,0.0,22,1
2022-12-02,2345024.0969682694,0.0,22,1
2022-12-05,2357232.6807687622,0.0,22,1
2022-12-06,2340468.9453937286,0.007111616732535096,22,1
2022-12-07,2323916.8852644106,0.014133435267614888,22,1
2022-12-08,2345105.3881129166,0.005144715986158216,22,1
2022-12-09,2305840.399565776,0.0218019551579549,21,1
2022-12-12,2342777.9157204,0.00613209089042843,22,1
2022-12-13,2370597.5633619395,0.0,22,1
2022-12-14,2386027.303347358,0.0,22,1
2022-12-15,2363187.8556939727,0.009572165256174513,22,1
2022-12-16,2321381.191753237,0.027093617706481787,21,1
2022-12-19,2359492.3750444744,0.011120965910850131,22,1
2022-12-20,2385186.381851159,0.00035243582293431825,22,1
2022-12-21,2286630.8213811344,0.041657730331409126,19,1
2022-12-22,2245922.5688644727,0.058718831207980056,17,1
2022-12-23,2148525.848787363,0.099538447957743,15,1
2022-12-26,2257517.5814909274,0.053859283871623906,22,1
2022-12-27,2291432.9128701347,0.03964514167315556,22,1
2022-12-28,2308781.3612397183,0.0323742909392828,22,1
2022-12-29,2323063.9250591225,0.026388372924276343,22,1
2022-12-30,2342701.9367200295,0.01815795090297056,22,1
2023-01-02,2362155.5160159217,0.010004825719280982,22,1
2023-01-03,2396451.7760642767,0.0,22,1
2023-01-04,2372376.517541959,0.010046210302573603,22,1
2023-01-05,2371883.09689863,0.010252106639924277,22,1
2023-01-06,2357063.784956557,0.01643596232610484,22,1
2023-01-09,2375466.864036395,0.008756659423518744,22,1
2023-01-10,2334320.944972978,0.02592617623766124,22,1
2023-01-11,2332314.8347695307,0.026763293104974942,21,1
2023-01-12,2335717.135020065,0.025343569042710658,21,1
2023-01-13,2367779.216390647,0.011964588630579085,21,1
2023-01-16,2357612.9037168287,0.016206824078569024,22,1
2023-01-17,2352819.763873551,0.01820692267898796,22,1
2023-01-18,2370021.1309326184,0.011029074482385656,22,1
2023-01-19,2365537.370953499,0.01290007394246378,22,1
2023-01-20,2360806.280706724,0.014874280264505716,22,1
2023-01-23,2363750.5196594214,0.013645697664970742,22,1
2023-01-24,2349251.325593529,0.019695973414606237,22,1
2023-01-25,2319779.3516909056,0.03199414448443071,21,1
2023-01-27,2252728.853347724,0.059973217133787206,21,1
2023-01-30,2263456.332025697,0.05549681632108609,22,1
2023-01-31,2304372.812371855,0.03842304051853028,22,1
2023-02-01,2251865.8684183587,0.06033332658309246,22,1
2023-02-02,2264869.73658151,0.05490702579413704,21,1
2023-02-03,2259231.729022542,0.057259673827901064,21,1
2023-02-06,2262730.9242386026,0.05579951708658437,22,1
2023-02-07,2272153.0697371853,0.051867810388919564,22,1
2023-02-08,2282598.941499767,0.04750891952079744,22,1
2023-02-09,2273342.206645591,0.051371603070966,22,1
2023-02-10,2283256.2091881074,0.04723465250031938,22,1
2023-02-13,2264419.1071633915,0.055095066055418015,22,1
2023-02-14,2266732.04536902,0.05412991489788994,22,1
2023-02-15,2277859.886633359,0.049486449347911673,22,1
2023-02-16,2296615.61027305,0.04165999365745167,22,1
2023-02-17,2283083.832408782,0.04730658250160169,22,1
2023-02-20,2273229.7890755963,0.051418513078134824,22,1
2023-02-21,2275210.337355452,0.050592062782060625,22,1
2023-02-22,2236027.3498614524,0.06694248046430186,22,1
2023-02-23,2241606.5826487294,0.06461435817826115,22,1
2023-02-24,2237436.811886787,0.06635433509062387,22,1
2023-02-27,2206007.488560641,0.07946927595447156,22,1
2023-02-28,2197732.4434603304,0.082922316480036,22,1
2023-03-01,2231677.6448715893,0.06875754097722679,22,1
2023-03-02,2238360.490903336,0.06596889899473626,21,1
2023-03-03,2262712.303105365,0.05580728737990869,21,1
2023-03-06,2281834.071304342,0.04782808730170779,22,1
2023-03-08,2308514.7531541632,0.03669467659997463,22,1
2023-03-09,2316095.0141304433,0.03353155808785115,22,1
2023-03-10,2306671.511237757,0.03746383120380046,22,1
2023-03-13,2250423.431618729,0.0609352317889625,22,1
2023-03-14,2227671.4741840805,0.07042925026323135,22,1
2023-03-15,2230943.601583783,0.0690638451954622,22,1
2023-03-16,2218990.1203427156,0.0740518367588471,22,1
2023-03-17,2234103.8290554723,0.06774513413135753,22,1
2023-03-20,2219543.224084393,0.07382103564396474,22,1
2023-03-21,2229436.5427563917,0.06969271611305955,22,1
2023-03-22,2235325.8249584693,0.0672352152941824,22,1
2023-03-23,2230547.5922561963,0.06922909338928862,22,1
2023-03-24,2207200.0469690026,0.07897164090073394,22,1
2023-03-27,2208650.452053694,0.07836641066026839,22,1
2023-03-28,2200264.0198415625,0.08186593119971555,22,1
2023-03-29,2234675.120600881,0.06750674354444282,22,1
2023-03-31,2253586.970946318,0.059615138741738995,22,1
2023-04-03,2273653.703666498,0.05124162047585684,22,1
2023-04-05,2302102.1510162917,0.03937055024029592,22,1
2023-04-06,2309220.474100814,0.03640019082992923,22,1
2023-04-10,2324175.5992668145,0.030159662514120042,22,1
2023-04-11,2335835.345185605,0.025294241880478376,22,1
2023-04-12,2333150.621726065,0.026414532923408975,22,1
2023-04-13,2320774.528121642,0.03157887369088669,22,1
2023-04-17,2336848.9639352467,0.024871275409896403,22,1
2023-04-18,2333621.432255724,0.02621807141545731,22,1
2023-04-19,2334154.094807372,0.025995800073731094,22,1
2023-04-20,2358221.134929978,0.015953019174492024,22,1
2023-04-21,2353913.6365113324,0.01775046757786433,22,1
2023-04-24,2400865.5214757193,0.0,22,1
2023-04-25,2444339.565152508,0.0,22,1
2023-04-26,2452716.625850332,0.0,22,1
2023-04-27,2457055.4867467736,0.0,22,1
2023-04-28,2494788.9633650966,0.0,22,1
2023-05-02,2543421.9129097844,0.0,22,1
2023-05-03,2595253.658618168,0.0,22,1
2023-05-04,2606964.548550618,0.0,22,1
2023-05-05,2604760.4455482042,0.0008454671942658547,22,1
2023-05-08,2609331.911305505,0.0,22,1
2023-05-09,2580361.0660513295,0.011102782719458878,22,1
2023-05-10,2582302.043589684,0.010358922756705583,21,1
2023-05-11,2590554.73862709,0.007196161054505369,21,1
2023-05-12,2581399.274119825,0.01070490000319831,21,1
2023-05-15,2591918.533563797,0.006673500472002302,22,1
2023-05-16,2607234.766521875,0.0008037094761857219,22,1
2023-05-17,2612193.2037596083,0.0,22,1
2023-05-18,2599877.694936445,0.004714624019937806,22,1
2023-05-19,2589024.2014251854,0.00886955922750156,22,1
2023-05-22,2586312.5826730714,0.009907621323448867,22,1
2023-05-23,2584956.499024269,0.010426757368535615,22,1
2023-05-24,2588746.2250817963,0.00897597415231993,22,1
2023-05-25,2619571.4544684924,0.0,22,1
2023-05-26,2640009.618078024,0.0,22,1
2023-05-29,2665550.981772524,0.0,22,1
2023-05-30,2687057.8810147857,0.0,22,1
2023-05-31,2724165.6343854167,0.0,22,1
2023-06-01,2708633.869182456,0.005701476080203531,22,1
2023-06-02,2750324.547662665,0.0,22,1
2023-06-05,2780679.219634197,0.0,22,1
2023-06-06,2792182.275891888,0.0,22,1
2023-06-07,2844973.495761354,0.0,22,1
2023-06-08,2822665.7425224707,0.00784111109369526,22,1
2023-06-09,2859708.4745269655,0.0,22,1
2023-06-12,2868050.019860722,0.0,22,1
2023-06-13,2890466.9213355808,0.0,22,1
2023-06-14,2882463.5262435554,0.002768893507463949,22,1
2023-06-15,2886577.1094137686,0.0013457382587913464,22,1
2023-06-16,2924860.5041990858,0.0,22,1
2023-06-19,2955839.187936797,0.0,22,1
2023-06-20,2981516.546966448,0.0,22,1
2023-06-21,2970202.247702027,0.0037948135072174995,22,1
2023-06-22,2941802.022928698,0.013320242706067697,22,1
2023-06-23,2902917.440314672,0.02636212323951275,21,1
2023-06-26,2940625.9052734016,0.013714712311307012,22,1
2023-06-27,2965690.475176749,0.005308061028808115,22,1
2023-06-28,3005621.667272167,0.0,22,1
2023-06-30,3016399.4008415584,0.0,22,1
2023-07-03,3049665.588624249,0.0,22,1
2023-07-04,3061093.5035073464,0.0,22,1
2023-07-05,3075169.297501623,0.0,22,1
2023-07-06,3075812.4049627907,0.0,22,1
2023-07-07,3056618.505687544,0.006240269804581511,22,1
2023-07-10,3052131.5628603534,0.007699052797962741,22,1
2023-07-11,3111348.644252351,0.0,22,1
2023-07-12,3137691.9009118523,0.0,22,1
2023-07-13,3116068.925698367,0.0068913634277480845,22,1
2023-07-14,3115725.565783403,0.007000794157662733,22,1
2023-07-17,3145322.6291169543,0.0,22,1
2023-07-18,3151062.4386126995,0.0,22,1
2023-07-19,3185698.496048331,0.0,22,1
2023-07-20,3232595.4553058567,0.0,22,1
2023-07-21,3249725.078119671,0.0,22,1
2023-07-24,3294772.0828009034,0.0,22,1
2023-07-25,3279646.10576353,0.004590902392409125,22,1
2023-07-26,3299190.1662776577,0.0,22,1
2023-07-27,3298621.89316982,0.00017224624201612635,22,1
2023-07-28,3317660.1735369875,0.0,22,1
2023-07-31,3350286.149035926,0.0,22,1
2023-08-01,3335537.3971467824,0.004402236475647815,22,1
2023-08-02,3288761.2735025417,0.018364065872728094,22,1
2023-08-03,3279412.547821738,0.02115449190349984,22,1
2023-08-04,3308656.1548220166,0.012425802561936022,22,1
2023-08-07,3332432.1702431715,0.005329090710025502,22,1
2023-08-08,3335695.2336293897,0.004355125131844328,22,1
2023-08-09,3369955.810943718,0.0,22,1
2023-08-10,3374277.275135508,0.0,22,1
2023-08-11,3376531.124584236,0.0,21,1
2023-08-14,3399692.1728253053,0.0,22,1
2023-08-16,3424113.3123964155,0.0,22,1
2023-08-17,3417099.1024211813,0.0020484748416007403,22,1
2023-08-18,3397581.1004664977,0.007748637241023092,22,1
2023-08-21,3430100.8102480792,0.0,22,1
2023-08-22,3467707.4640519507,0.0,22,1
2023-08-23,3509923.204496153,0.0,22,1
2023-08-24,3528527.552938588,0.0,22,1
2023-08-25,3506556.22593317,0.0062267692899606545,22,1
2023-08-28,3523083.231557261,0.001542944273396048,22,1
2023-08-29,3536000.03801372,0.0,21,1
2023-08-30,3583858.326733407,0.0,21,1
2023-08-31,3573200.090194,0.0029739558787531288,21,1
2023-09-01,3625038.218755676,0.0,21,1
2023-09-04,3710134.0298207053,0.0,22,1
2023-09-05,3744562.757039021,0.0,22,1
2023-09-06,3705837.8811506378,0.010341628222303948,22,1
2023-09-07,3806485.5909274677,0.0,22,1
2023-09-08,3923251.659931384,0.0,22,1
2023-09-11,4006846.876083019,0.0,22,1
2023-09-12,3786351.510700423,0.055029646053793416,20,1
2023-09-13,3780997.559243312,0.05636584671797866,20,1
2023-09-14,3843100.4209193815,0.0408666615490212,20,1
2023-09-15,3891862.3745745686,0.028697004169237487,20,1
2023-09-18,3868775.0070487834,0.0344589831616453,22,1
2023-09-20,3882237.7805337333,0.03109904106719951,22,1
2023-09-21,3838052.437534436,0.04212650090427009,22,1
2023-09-22,3883572.1249770964,0.030766024986318585,22,1
2023-09-25,3878260.854578139,0.03209157361925007,22,0
2023-09-26,3917051.7965287734,0.022410409564247426,22,0
2023-09-27,3989345.923636112,0.004367761730893927,22,0
2023-09-28,3959142.362584642,0.011905749077442072,22,0
2023-09-29,4009999.226888593,0.0,22,0
2023-10-03,4018774.351933227,0.0,22,0
2023-10-04,3963326.531814537,0.013797196673163994,22,0
2023-10-05,3991223.695890367,0.006855487178474372,22,0
2023-10-06,4019368.8158697565,0.0,22,0
2023-10-09,3903304.492479034,0.028876256125704013,22,1
2023-10-10,3993827.9579662364,0.006354444957296931,22,1
2023-10-11,4021450.2582349987,0.0,22,1
2023-10-12,4026126.544118273,0.0,22,1
2023-10-13,4039945.9928524373,0.0,22,1
2023-10-16,4069615.7518182527,0.0,22,1
2023-10-17,4118671.4282133677,0.0,22,1
2023-10-18,4081978.2812191276,0.008908976507057078,21,1
2023-10-19,4108366.4447359983,0.0025020164043140485,21,1
2023-10-20,4101535.2963364166,0.0041605969729866365,21,1
2023-10-23,3940875.439008654,0.04316828674091137,22,1
2023-10-25,3889943.941785227,0.05553428828076242,18,1
2023-10-26,3847328.905939986,0.06588108010137797,17,1
2023-10-27,3936094.895687763,0.04432898707940978,17,1
2023-10-30,3918050.420864528,0.048710126759460085,22,1
2023-10-31,3923846.6223616363,0.04730282792581107,22,1
2023-11-01,3930536.4027381106,0.04567857105242986,22,1
2023-11-02,4014477.829883557,0.025297866107034637,22,1
2023-11-03,4065503.8967113346,0.012908903375450025,22,1
2023-11-06,4128987.283748708,0.0,22,1
2023-11-07,4178400.4249366717,0.0,22,1
2023-11-08,4228740.541506846,0.0,22,1
2023-11-09,4229965.345365759,0.0,22,1
2023-11-10,4241229.969233288,0.0,22,1
2023-11-13,4345783.560561713,0.0,12,2
2023-11-15,4403942.395788839,0.0,12,2
2023-11-16,4411980.232534646,0.0,12,2
2023-11-17,4558245.241172269,0.0,12,2
2023-11-20,4527434.04145595,0.006759443181779189,22,1
2023-11-21,4519209.697782743,0.008563721635013918,22,1
2023-11-22,4468126.207823891,0.01977055392596678,21,1
2023-11-23,4465940.598738908,0.020250038677081503,21,1
2023-11-24,4497111.444925674,0.013411695293268739,21,1
2023-11-28,4506995.781010294,0.01124324327683487,21,1
2023-11-29,4554163.860947232,0.0008953840807362075,21,1
2023-11-30,4612711.322426408,0.0,21,1
2023-12-01,4678631.574933878,0.0,21,1
2023-12-04,4765180.823114939,0.0,22,1
2023-12-05,4760132.765411126,0.0010593633046044105,22,1
2023-12-06,4777790.448215179,0.0,22,1
2023-12-07,4805986.663837286,0.0,22,1
2023-12-08,4812204.876506205,0.0,22,1
2023-12-11,4888809.534073572,0.0,22,1
2023-12-12,4834299.286715864,0.011150004306321815,22,1
2023-12-13,4922942.850644862,0.0,22,1
2023-12-14,4966787.616108771,0.0,22,1
2023-12-15,5002978.34000616,0.0,22,1
2023-12-18,5014164.879310237,0.0,22,1
2023-12-19,5055344.490710791,0.0,22,1
2023-12-20,4806870.5589065505,0.049150741806183965,22,1
2023-12-21,4945219.749676866,0.021783825263793445,22,1
2023-12-22,4942879.053039063,0.02224683953356373,22,1
2023-12-26,5004252.947743852,0.010106441422700342,22,1
2023-12-27,5026183.64900465,0.0057683194013234945,22,1
2023-12-28,5076633.189922271,0.0,22,1
2023-12-29,5087861.930964463,0.0,22,1
2024-01-01,5113748.139983808,0.0,22,1
2024-01-02,5083047.980136077,0.00600345558821909,22,1
2024-01-03,5111922.849781983,0.0003569378373473961,22,1
2024-01-04,5164301.180091933,0.0,22,1
2024-01-05,5175984.091660606,0.0,22,1
2024-01-08,5137911.102136159,0.007355700645561974,22,1
2024-01-09,5185111.640306326,0.0,22,1
2024-01-10,5228469.995796922,0.0,22,1
2024-01-11,5276814.3358044755,0.0,21,1
2024-01-12,5314910.702193605,0.0,21,1
2024-01-15,5368603.593323787,0.0,22,1
2024-01-16,5456309.305214951,0.0,22,1
2024-01-17,5469988.925239126,0.0,22,1
2024-01-18,5455556.911465086,0.0026383990847676617,22,1
2024-01-19,5711821.939106911,0.0,22,1
2024-01-23,5609930.72138272,0.017838654427683807,22,1
2024-01-24,5803520.541771288,0.0,22,1
2024-01-25,5893023.884731295,0.0,22,1
2024-01-29,6008417.2452189755,0.0,22,1
2024-01-30,5943122.050009907,0.010867287098116398,22,1
2024-01-31,6074008.3396330485,0.0,22,1
2024-02-01,6149092.045551674,0.0,22,1
2024-02-02,6287419.382514743,0.0,22,1
2024-02-05,6259935.813138943,0.004371200281665882,22,1
2024-02-06,6284194.956834439,0.0005128376976524017,22,1
2024-02-07,6358991.763020314,0.0,22,1
2024-02-08,6406377.994683702,0.0,22,1
2024-02-09,6236374.064640159,0.02653666864250277,18,1
2024-02-12,5883757.925644737,0.08157808819158942,22,1
2024-02-13,5991082.389407507,0.06482533587946657,16,1
2024-02-14,6139707.804661708,0.041625734579397035,16,1
2024-02-15,6270091.56536569,0.02127355417228086,16,1
2024-02-16,6275042.751919398,0.02050070146864442,16,1
2024-02-19,6305572.405087225,0.015735192284958736,22,1
2024-02-20,6297448.143799663,0.01700334431943195,22,1
2024-02-21,6166381.583796028,0.03746210590240433,21,1
2024-02-22,6231755.338331237,0.02725762614965489,21,1
2024-02-23,6232015.718406103,0.027216982267092658,21,1
2024-02-26,6219971.72835093,0.029096982177364474,22,1
2024-02-27,6153593.759465509,0.03945821420902171,22,1
2024-02-28,5998509.738561895,0.06366596795572695,21,1
2024-02-29,6024759.203497706,0.05956857236689435,21,1
2024-03-01,6107776.434099795,0.04661004405792152,21,1
2024-03-04,6140195.60429211,0.04154959176815386,22,1
2024-03-05,6113195.0037932815,0.045764235443758766,22,1
2024-03-06,6077028.268076898,0.05140966188384655,22,1
2024-03-07,6147831.260600907,0.04035770825532748,22,1
2024-03-11,6077842.441798705,0.05128257389083665,22,1
2024-03-12,5968776.792713015,0.0683071155548154,22,1
2024-03-13,5605938.070678672,0.12494422350183997,19,1
2024-03-14,5872650.946044546,0.08331182597749719,19,1
2024-03-15,5813407.563092265,0.09255938879715021,19,1
2024-03-18,5757343.811986251,0.10131062875716174,22,1
2024-03-19,5680298.522036444,0.11333697032079441,22,1
2024-03-20,5657359.268031375,0.1169176603806232,22,1
2024-03-21,5811090.95547107,0.09292099837172077,22,1
2024-03-22,5888026.401268322,0.08091180286981674,22,1
2024-03-26,5948854.990539021,0.0714167981540199,22,1
2024-03-27,5903223.458006818,0.07853962677419656,22,1
2024-03-28,5965926.248351881,0.06875206968700985,22,1
2024-04-01,6109884.850416172,0.04628093198896045,22,1
2024-04-02,6175492.382976783,0.0360399607857228,22,1
2024-04-03,6229917.783019367,0.027544458321187015,22,1
2024-04-04,6240796.334671263,0.02584637686846545,22,1
2024-04-05,6285395.12276384,0.01888475391559146,22,1
2024-04-08,6282553.789945646,0.0193282701771282,22,1
2024-04-09,6262717.489994578,0.02242460635453284,22,1
2024-04-10,6267541.219227341,0.02167164903032158,22,1
2024-04-12,6225862.292875121,0.028177497793352217,22,1
2024-04-15,6059824.558772758,0.05409506529251465,22,1
2024-04-16,6094260.0301733995,0.04871987959020081,22,1
2024-04-18,6075466.071013367,0.05165351216318179,22,1
2024-04-19,6075847.018705621,0.0515940483456283,22,1
2024-04-22,6153532.103133085,0.039467838419843346,22,1
2024-04-23,6249711.35179438,0.02445479224287589,22,1
2024-04-24,6294710.796543864,0.017430629012603435,22,1
2024-04-25,6366330.645867741,0.006251168577501029,22,1
2024-04-26,6500434.881339268,0.0,22,1
2024-04-29,6555386.5660147555,0.0,22,1
2024-04-30,6551999.800042269,0.0005166386357815704,22,1
2024-05-02,6650047.717784366,0.0,22,1
2024-05-03,6617699.722567049,0.004864325278570234,22,1
2024-05-06,6449790.250081918,0.03011368883367477,22,1
2024-05-07,6293348.875144353,0.05363853881620806,22,1
2024-05-08,6468424.553738044,0.027311558014930216,22,1
2024-05-09,6292916.208147814,0.05370360105559357,22,1
2024-05-10,6346916.295362188,0.045583345456530665,22,1
2024-05-13,6387928.509649935,0.039416139441141064,22,1
2024-05-14,6554448.5816433,0.014375706791607327,22,1
2024-05-15,6623543.157757688,0.003985619525074325,22,1
2024-05-16,6722251.931884287,0.0,22,1
2024-05-17,6866689.828960391,0.0,22,1
2024-05-21,7184382.839275661,0.0,22,1
2024-05-22,7161200.392119552,0.003226783382056823,22,1
2024-05-23,7306839.863093327,0.0,22,1
2024-05-24,7302046.560207364,0.000656002180939192,22,1
2024-05-27,7338727.673024185,0.0,22,0
2024-05-28,7201514.931653506,0.01869707495415693,22,0
2024-05-29,7293290.260146744,0.006191456462468415,22,0
2024-05-30,7195664.688897383,0.01949424893536721,21,0
2024-05-31,7264869.932080949,0.010064107054240991,21,0
2024-06-03,7638354.8473285595,0.0,22,0
2024-06-04,6662930.87746079,0.12770079282306643,18,0
2024-06-05,6840344.33603428,0.10447413444969444,18,0
2024-06-06,7043883.81816431,0.07782710296212011,18,0
2024-06-07,7177160.672663297,0.06037873126915033,18,0
2024-06-10,7256285.565334164,0.050019839301917335,22,0
2024-06-11,7355990.027057074,0.03696670630197808,22,0
2024-06-12,7405626.170428633,0.03046842959663249,22,0
2024-06-13,7498171.716283079,0.018352529287704925,22,0
2024-06-14,7657603.84981752,0.0,22,0
2024-06-18,7758744.998132579,0.0,22,0
2024-06-19,7667456.953488231,0.011765826131200351,22,0
2024-06-20,7643880.601874555,0.014804507209048605,22,0
2024-06-21,7661586.9977998,0.012522386076119761,22,0
2024-06-24,7706615.992850029,0.006718741922191906,22,1
2024-06-25,7688803.777340575,0.009014501805232389,22,1
2024-06-26,7730674.57416408,0.0036179077898880235,22,1
2024-06-27,7842604.124282425,0.0,22,1
2024-06-28,7819032.618567814,0.0030055712797779233,22,1
2024-07-01,7889906.610089822,0.0,22,1
2024-07-02,7882454.0436990345,0.0009445696583096068,22,1
2024-07-03,8097994.077567499,0.0,22,1
2024-07-04,8370894.056706483,0.0,22,1
2024-07-05,8570972.464280652,0.0,22,1
2024-07-08,8675749.593217542,0.0,22,1
2024-07-09,8625915.090169067,0.005744114962404522,22,1
2024-07-10,8628293.63750612,0.00546995452110815,22,1
2024-07-11,8782991.379989289,0.0,22,1
2024-07-12,8731594.699787095,0.005851842268602595,22,1
2024-07-15,8767449.088999677,0.0017695896895700077,22,1
2024-07-16,8665857.29535747,0.013336468130743188,22,1
2024-07-18,8433427.818374766,0.03980005746230722,21,1
2024-07-19,8293380.265748334,0.055745371145013205,18,1
2024-07-22,8417923.58362612,0.04156531420432916,22,1
2024-07-23,8171627.151789183,0.0696077454422882,19,1
2024-07-24,8238761.54075014,0.06196406391552352,18,1
2024-07-25,8185776.993677559,0.06799669502948524,18,1
2024-07-26,8277442.641666549,0.057559972047172385,17,1
2024-07-29,8552622.743870666,0.02622894935812899,22,1
2024-07-30,8609229.896965105,0.01978386127305929,22,1
2024-07-31,8596031.348750114,0.021286600789012993,22,1
2024-08-01,8506347.38789701,0.03149769595841448,22,1
2024-08-02,8481827.275186524,0.03428946833409419,22,1
2024-08-05,8059306.236766941,0.08239620328799986,22,1
2024-08-06,7933826.060461318,0.09668292758007992,17,1
2024-08-07,8198758.405301842,0.06651867790950278,17,1
2024-08-08,8143659.478146167,0.07279204478097778,17,1
2024-08-09,8264873.1803248385,0.058991085980672125,17,1
2024-08-12,8336364.322682815,0.05085136008718464,22,1
2024-08-13,8169390.819945539,0.06986236619128934,22,1
2024-08-14,8177594.316174535,0.06892834543753042,22,1
2024-08-16,8342712.904870136,0.050128533215034306,22,1
2024-08-19,8358615.386668871,0.04831793348759214,22,1
2024-08-20,8264817.2779222075,0.05899745082838886,22,1
2024-08-21,8311334.799330799,0.05370113213740454,22,1
2024-08-22,8300833.649783,0.05489675548410665,22,1
2024-08-23,8304583.790721199,0.054469777843351774,22,1
2024-08-26,8220902.049169298,0.06399748178059535,22,1
2024-08-27,8231314.04036072,0.06281200968561598,22,1
2024-08-28,8331790.3265226055,0.05137213893829798,22,1
2024-08-29,8275961.509574408,0.05772860845224914,22,1
2024-08-30,8291688.712831964,0.05593796531289823,22,1
2024-09-02,8218198.918875443,0.0643052505323687,22,1
2024-09-03,8260468.545622216,0.05949258194167901,22,1
2024-09-04,8261279.372326893,0.059400264111728204,22,1
2024-09-05,8233009.59863082,0.06261895948247408,22,1
2024-09-06,8098497.176473112,0.07793406299768128,22,1
2024-09-09,8057888.100623179,0.08255766719959981,22,1
2024-09-10,8099728.807735574,0.0777938338651253,22,1
2024-09-11,8068969.513935443,0.08129597709507447,22,1
2024-09-12,8202056.4580454985,0.06614317341439754,22,1
2024-09-13,8197101.903603468,0.06670728127101215,22,1
2024-09-16,8139474.141498064,0.07326857224947086,22,2
2024-09-17,8153744.192280752,0.07164383528169926,22,2
2024-09-18,8102005.020890963,0.07753467237254148,22,2
2024-09-19,8093014.237697792,0.07855833080555044,22,2
2024-09-20,8184335.2845243495,0.06816084287966924,22,2
2024-09-23,8246485.459901804,0.061084646093338066,22,0
2024-09-24,8243499.760934826,0.06142458710407168,22,0
2024-09-25,8272881.867287299,0.058079245513572644,22,0
2024-09-26,8361589.755669974,0.047979282466269355,22,0
2024-09-27,8315340.5148948645,0.05324505568340824,22,0
2024-09-30,8207938.765341358,0.06547343493449173,22,0
2024-10-01,8227826.809305729,0.06320905334695165,22,0
2024-10-03,8040188.897708276,0.08457283517018759,22,0
2024-10-04,7953587.454236516,0.09443296593031433,22,0
2024-10-07,7866889.3753907345,0.10430409924866298,22,1
2024-10-08,7964624.636420464,0.09317631182393607,22,1
2024-10-09,8011720.040519469,0.08781419747570786,22,1
2024-10-10,7984154.725010152,0.09095268575569421,22,1
2024-10-11,8026773.009926137,0.08610032019228446,22,1
2024-10-14,8076733.112897935,0.08041204147148039,19,1
2024-10-15,8096525.332991817,0.07815857004727117,19,1
2024-10-16,8059083.013194814,0.08242161872591491,19,1
2024-10-17,7971324.145989748,0.09241352961461416,19,1
2024-10-18,7976603.444537221,0.09181244755508922,19,1
2024-10-21,7894289.620775362,0.10118440526296077,17,1
2024-10-22,7771177.400659088,0.11520152252858464,17,1
2024-10-23,7764512.036454919,0.11596041706870172,17,1
2024-10-24,7741406.7056212695,0.11859110743762218,17,1
2024-10-25,7640735.157830191,0.13005320997599465,17,1
2024-10-28,7703133.89989035,0.12294871227577768,22,1
2024-10-29,7729300.989971552,0.1199694209444871,22,1
2024-10-30,7685298.901266845,0.1249793414602876,22,1
2024-10-31,7606081.473070571,0.1339987546384399,22,1
2024-11-01,7628031.072686664,0.13149965169429934,22,1
2024-11-04,7503926.960385437,0.14562970225816294,22,1
2024-11-05,7527446.910945163,0.1429518047694653,22,1
2024-11-06,7636716.270835244,0.1305107860820242,22,1
2024-11-07,7561811.783631888,0.13903914321715863,22,1
2024-11-08,7546463.803240031,0.14078660939671397,22,1
2024-11-11,7527299.050027181,0.1429686396849952,20,1
2024-11-12,7456507.372129143,0.15102872705560633,20,1
2024-11-13,7370931.498166893,0.1607720901377132,20,1
2024-11-14,7356378.782391981,0.16242901033099355,20,1
2024-11-18,7324434.426680266,0.16606608047368954,20,1
2024-11-19,7370238.962222779,0.1608509398045467,20,1
2024-11-21,7369062.233763142,0.16098491790024635,20,1
2024-11-22,7523548.001627106,0.14339572064611528,20,1
2024-11-25,7615370.638454068,0.13294112347593404,22,1
2024-11-26,7594813.53951582,0.13528168127097917,22,1
2024-11-27,7595346.265158025,0.1352210270338114,22,1
2024-11-28,7504368.72323683,0.1455794047191719,22,1
2024-11-29,7591003.46950886,0.1357154822212614,22,1
2024-12-02,7625205.430148306,0.13182136925225973,22,2
2024-12-03,7623240.897774347,0.13204504388530505,22,2
2024-12-04,7614920.835087348,0.13299233647925607,22,2
2024-12-05,7672190.540154355,0.12647181259516263,22,2
2024-12-06,7666745.433208852,0.12709177300613472,22,2
2024-12-09,7654834.347314021,0.12844792666489488,22,1
2024-12-10,7674213.022108461,0.12624154003008714,22,1
2024-12-11,7678886.132734435,0.1257094763602285,22,1
2024-12-12,7688809.81651285,0.12457960120163218,22,1
2024-12-13,7736843.667571151,0.11911063863749503,22,1
2024-12-16,7678482.111209132,0.12575547680675328,22,2
2024-12-17,7588102.7981351605,0.1360457422941915,22,2
2024-12-18,7556895.504714655,0.13959889315935198,22,2
2024-12-19,7520975.6474156985,0.14368859970065567,22,2
2024-12-20,7421156.398050683,0.15505366258713862,22,2
2024-12-23,7467710.037065435,0.14975323167463447,16,2
2024-12-24,7434799.575545972,0.1535002991708459,16,2
2024-12-26,7474084.99443225,0.14902740181883622,16,2
2024-12-27,7496273.830916902,0.14650106022009507,16,2
2024-12-30,7477350.279114957,0.1486556281780074,1,1
2024-12-31,7483705.855753948,0.14793200494259454,1,1
2025-01-01,7513075.176355139,0.14458811909202832,1,1
2025-01-02,7547536.492182663,0.14066447686848724,1,1
2025-01-03,7594693.538287204,0.1352953441818742,1,1
2025-01-06,7516197.981271366,0.14423256768805665,19,2
2025-01-07,7536243.118894567,0.14195029997812003,19,2
2025-01-08,7552200.5836202465,0.1401334400911758,19,2
2025-01-09,7567210.637709529,0.13842444899237077,19,2
2025-01-10,7603886.665194705,0.13424864761691496,19,2
2025-01-13,7636224.171827787,0.13056681471579681,1,2
2025-01-14,7612018.887527231,0.1333227418542093,1,2
2025-01-15,7637377.055668587,0.13043555148315528,1,2
2025-01-16,7675413.428487912,0.12610486605108426,1,2
2025-01-17,7683482.735980805,0.12518612354710346,1,2
2025-01-20,7675413.428487912,0.12610486605108426,1,2
2025-01-21,7716908.4528296385,0.12138039092108847,1,2
2025-01-22,7794135.841094506,0.1125875565752848,1,2
2025-01-23,7772235.445082842,0.11508105737292423,1,2
2025-01-24,7811424.7017429685,0.11061910870821157,1,2
2025-01-27,7802204.269194692,0.11166891419581383,1,2
2025-01-28,7789525.1851240145,0.11311250938134085,1,2
2025-01-29,7821798.897524755,0.10943793986345748,1,2
2025-01-30,7848309.070114204,0.10641958638427183,1,2
2025-01-31,7962420.826750305,0.09342722971452865,1,2
2025-02-01,7947435.974998026,0.09513335136533876,1,2
2025-02-03,8026968.2515517855,0.08607809067876203,1,0
2025-02-04,8077684.587834496,0.08030370993665405,1,0
2025-02-05,8249427.345619985,0.06074969350248349,1,0
2025-02-06,8233290.489419614,0.06258697826142523,1,0
2025-02-07,8245969.573490293,0.0611433830758981,1,0
2025-02-10,8358927.566892885,0.0482823897633065,1,0
2025-02-11,8296685.909773004,0.05536900233379002,1,0
2025-02-12,8237901.145390107,0.062062025455368965,1,0
2025-02-13,8284006.825702325,0.056812597519317144,1,0
2025-02-14,8324348.966203252,0.05221938562196292,1,0
2025-02-17,8258648.65756097,0.059699787890371184,1,2
2025-02-18,8296685.909773004,0.05536900233379002,1,2
2025-02-19,8383133.730586149,0.045526362500383964,1,2
2025-02-20,8355469.794763193,0.048676079336721106,1,2
2025-02-21,8308212.110002882,0.054056670380904545,1,2
2025-02-24,8368148.87883387,0.04723248415119408,1,2
2025-02-25,8385438.618875042,0.0452639361596108,1,2
2025-02-27,8285158.830150418,0.05668143441118553,1,2
2025-02-28,8195253.23720758,0.06691776381800629,1,2
2025-03-03,8225222.0613194285,0.0635056206408961,1,2
2025-03-04,8347401.366663005,0.04959472171619218,1,2
2025-03-05,8330111.626621835,0.05156326970777536,1,2
2025-03-06,8286311.713991217,0.056550171178544086,1,2
2025-03-07,8323196.082362451,0.052350648854604574,1,2
2025-03-10,8318585.426391958,0.05287560166066073,1,3
2025-03-11,8308212.110002881,0.05405667038090465,1,3
2025-03-12,8335875.166433129,0.05090705366907745,1,3
2025-03-13,8393507.046975225,0.04434529378014015,1,3
2025-03-17,8475344.211817877,0.03502760675279025,1,3
2025-03-18,8475344.211817877,0.03502760675279025,1,3
2025-03-19,8558334.260501329,0.02557865649279891,1,3
2025-03-20,8585997.316931577,0.02242903978097171,1,3
2025-03-21,8523754.780418988,0.029515752475965266,1,3
2025-03-24,8414254.559146088,0.04198305621514237,1,3
2025-03-25,8440765.611128245,0.038964602611446665,1,3
2025-03-26,8443070.499417137,0.0387021762706735,1,3
2025-03-27,8506465.919770526,0.031484200343038504,1,3
2025-03-28,8547960.94411225,0.02675972521304294,1,3
2025-04-01,8843035.891082117,0.0,1,3
2025-04-02,8786556.89438082,0.006386833367741213,1,3
2025-04-03,8742756.102357494,0.011339973054474671,1,3
2025-04-04,8643629.197473671,0.02254957415807172,1,3
2025-04-07,8509923.691900216,0.03766943878604326,1,3
2025-04-08,8492633.951859046,0.03962462027056107,1,3
2025-04-09,8632102.997243794,0.023852995332863215,1,3
2025-04-11,8979047.164337173,0.0,1,3
2025-04-15,8951384.107906926,0.0030808454309181423,1,3
2025-04-16,9132348.177633401,0.0,1,3
2025-04-17,9166926.778323034,0.0,1,3
2025-04-21,9344433.075919816,0.0,1,2
2025-04-22,9555365.96975814,0.0,1,2
2025-04-23,9266053.683206856,0.030277467913519023,1,2
2025-04-24,9279885.651118334,0.02882990766776234,1,2
2025-04-25,9224558.65886513,0.03462005661949372,1,2
2025-04-28,9111600.665462537,0.046441476516972745,1,2
2025-04-29,9225711.54270593,0.034499403591190046,1,2
2025-04-30,9116210.442040322,0.045959048466349135,1,2
2025-05-02,9034373.27719767,0.05452357284999486,1,2
2025-05-05,9172690.318134326,0.040048246486314276,1,2
2025-05-06,9466612.381263392,0.009288350522172032,1,2
2025-05-07,9368638.360220369,0.019541649176886243,1,2
2025-05-08,9329449.103560243,0.02364293182625379,1,2
2025-05-09,9313312.247359872,0.025331706097322278,1,2
2025-05-12,8988268.476278156,0.059348589606593366,1,0
2025-05-13,9113905.553751426,0.046200262491661336,1,0
2025-05-14,9057426.55705013,0.052110972440400846,1,0
2025-05-15,8879920.259453347,0.07068758145344897,0,0
2025-05-16,8879920.259453347,0.07068758145344897,0,0
2025-05-19,8848993.66578975,0.07392414965622397,15,1
2025-05-20,8766903.582645476,0.08251514275937473,15,1
2025-05-21,8855222.263521858,0.07327230672819578,15,1
2025-05-22,8863377.828735178,0.07241880041152174,15,1
2025-05-23,8920916.171885373,0.06639722642552284,15,1
2025-05-26,8955456.220186632,0.06278249849039454,19,1
2025-05-27,8910473.34181279,0.06749010241851298,19,1
2025-05-28,8908919.084087368,0.06765276052395242,19,1
2025-05-29,8917590.359928949,0.06674528341956683,19,1
2025-05-30,8891778.453007624,0.06944658308752487,19,1
2025-06-02,8888711.192132687,0.06976758187340538,22,0
2025-06-03,8851845.599439854,0.07362568556189933,22,0
2025-06-04,8874076.460630333,0.07129915392921903,22,0
2025-06-05,8906292.895627093,0.06792759965293892,22,0
2025-06-06,8960774.53191763,0.06222591994093557,22,0
2025-06-09,8999853.419553775,0.058136187767429424,22,0
2025-06-10,9000032.322648158,0.05811746497910827,22,0
2025-06-11,9005891.963076862,0.05750423462798948,22,0
2025-06-12,8939740.39600494,0.06442721039692244,22,0
2025-06-13,8911669.001919614,0.0673649727154112,22,0
2025-06-16,8912632.631433357,0.0672641257654574,22,2
2025-06-17,8876592.077938488,0.07103588642945853,22,2
2025-06-18,8878386.264824972,0.07084811896014734,22,2
2025-06-19,8842394.518690376,0.07461477177580156,22,2
2025-06-20,8884028.53559158,0.07025763704825976,22,2
2025-06-23,8852594.976085633,0.07354726086857509,22,3
2025-06-24,8904861.762001403,0.06807737242252401,22,3
2025-06-25,8946967.773835693,0.06367084189637237,22,3
2025-06-26,8989197.392170463,0.059251375549565444,22,3
2025-06-27,8998568.200145146,0.058270690141561096,22,3
2025-06-30,9012498.543004714,0.05681283463883558,22,3
2025-07-01,8992049.43085898,0.05895290046263057,22,3
2025-07-02,8979475.597097391,0.06026879289431604,22,3
2025-07-03,8958823.635108536,0.06243008761125485,22,3
2025-07-04,9016241.102765864,0.05642116363711836,22,3
2025-07-07,9038162.232735466,0.05412704637996873,22,3
2025-07-08,9061363.01246248,0.05169900963072834,22,3
2025-07-09,9044625.17011872,0.0534506790483869,22,3
2025-07-10,9014818.100357201,0.056570085448503345,22,3
2025-07-11,8961084.662154805,0.062193463807056794,22,3
2025-07-14,8946068.82508132,0.06376491979534737,12,2
2025-07-15,8966920.878897056,0.06158268482059807,12,2
2025-07-16,8992036.956256071,0.05895420597023219,12,2
2025-07-17,8941174.505538112,0.06427712618897992,12,2
2025-07-18,8920601.205995943,0.06643018862607346,12,2
2025-07-21,8896876.334367486,0.0689130732904123,12,2
2025-07-22,8874881.435711583,0.07121491067953108,12,2
2025-07-23,8903586.10936575,0.06821087360287545,12,2
2025-07-24,8804215.711977461,0.07861030756519431,12,2
2025-07-25,8742864.145936336,0.08503094767833043,12,2
2025-07-28,8752370.004072946,0.08403612883343277,8,2
2025-07-29,8769578.29709654,0.08223522522826932,8,2
2025-07-30,8786636.108234668,0.08045007003985316,8,2
2025-07-31,8773313.497634945,0.08184432439304984,8,2
2025-08-01,8712090.130385965,0.08825154808733289,8,2
2025-08-04,8757045.412866212,0.08354683215886645,20,1
2025-08-05,8729773.197696526,0.08640095781517317,20,1
2025-08-06,8711612.123137427,0.08830157309422959,20,1
2025-08-07,8722195.608964391,0.08719397702093849,20,1
2025-08-08,8667275.903253164,0.09294150211678963,20,1
2025-08-11,8685148.746859021,0.09107105114061319,12,2
2025-08-12,8649354.764798496,0.09481700730532841,12,2
2025-08-13,8667978.803067004,0.09286794137447324,12,2
2025-08-14,8678621.50779195,0.09175414785168946,12,2
2025-08-18,8755272.913051153,0.08373233000590545,22,3
2025-08-19,8800350.352925837,0.07901482991042502,22,3
2025-08-20,8849122.793247662,0.07391063604949015,22,3
2025-08-21,8828382.84379518,0.07608113893950214,22,3
2025-08-22,8755326.902898263,0.0837266797935241,22,3
2025-08-25,8763220.023698185,0.08290063913480915,12,2
2025-08-26,8802599.88267269,0.07877940933585233,12,2
2025-08-28,8739600.620683992,0.08537248616703645,12,2
2025-08-29,8727574.899851413,0.08663101680528089,12,2
2025-09-01,8788976.279414123,0.08020516354575746,8,2
2025-09-02,8797897.150928607,0.07927156544572467,8,2
2025-09-03,8827325.388105743,0.07619180510265951,8,2
2025-09-04,8844076.19008757,0.07443877941689907,8,2
2025-09-05,8844835.509493623,0.07435931418150607,8,2
2025-09-08,8837755.451969016,0.07510026513482532,22,3
2025-09-09,8862068.86116457,0.07255578810772838,22,3
2025-09-10,8947381.605309892,0.06362753309213508,22,3
2025-09-11,8979374.774860857,0.060279344267947704,22,3
2025-09-12,9024284.542229548,0.055579391643335904,22,3
2025-09-15,8971374.116954142,0.061116639033217415,8,2
2025-09-16,9046442.019205973,0.053260539906358914,8,2
2025-09-17,9029380.789216507,0.0550460528886416,8,2
2025-09-18,9041490.431283098,0.053778739621424376,8,2
2025-09-19,9046504.054515842,0.05325404771023936,8,2
2025-09-22,9030025.36116307,0.054978596346568466,22,1
2025-09-23,9051994.335834801,0.05267947198636493,22,1
2025-09-24,9029998.082760232,0.05498145111978439,22,1
2025-09-25,9002171.121157698,0.05789363278719546,22,1
2025-09-26,8933467.757155975,0.0650836623704854,22,1
2025-09-29,8929333.135284394,0.06551636394200731,22,2
2025-09-30,8935919.40812147,0.06482708915568083,22,2
2025-10-01,8978761.06312694,0.06034357118880653,22,2
2025-10-03,8964482.750270557,0.06183784287882585,22,2
2025-10-06,9017832.259376101,0.05625464394386189,22,2
2025-10-07,9031936.310860978,0.05477860927082945,22,2
2025-10-08,8996468.782536488,0.058490400994635934,22,2
2025-10-09,9029392.707128694,0.05504480564052732,22,2
2025-10-10,9058493.963091206,0.051999264940713795,22,2
2025-10-13,9052452.330140656,0.05263154139874493,8,2
2025-10-14,9054711.314314557,0.052395131387757296,8,2
2025-10-15,9087779.56218647,0.0489344321349426,8,2
2025-10-16,9149779.109677942,0.04244597866411844,8,2
2025-10-17,9215818.438752225,0.035534748965194235,8,2
2025-10-20,9201919.633283945,0.0369893039777671,12,2
2025-10-21,9210611.026042685,0.03607972157283906,12,2
2025-10-23,9148341.133608855,0.04259646751756877,12,2
2025-10-24,9092787.266615048,0.04841035964578554,12,2
2025-10-27,9099139.413335493,0.047745586915934196,8,2
2025-10-28,9030592.303453248,0.054919263999490195,8,2
2025-10-29,9083159.581383925,0.04941792809074033,8,2
2025-10-30,9040045.64518003,0.05392994116698951,8,2
2025-10-31,8994697.150071448,0.05867580807068591,8,2
2025-11-03,8971191.465019766,0.06113575414978689,22,1
2025-11-04,8927922.507412894,0.06566399071799525,22,1
2025-11-06,8855481.644266225,0.07324516169312452,22,1
2025-11-07,8897788.2099525,0.06881764255673867,22,1
2025-11-10,8877805.229669603,0.0709089261712168,12,2
2025-11-11,8875637.960829107,0.07113573787548377,12,2
2025-11-12,8893268.509158855,0.06929064388478291,12,2
2025-11-13,8870938.175909473,0.0716275855906324,12,2
2025-11-14,8876806.490943624,0.07101344741395516,12,2
2025-11-17,8884385.882781373,0.07022023950734668,22,1
2025-11-18,8857342.608565686,0.0730504057512432,22,1
2025-11-19,8883021.63364248,0.07036301259873966,22,1
2025-11-20,8909216.57167311,0.06762162748449757,22,1
2025-11-21,8889836.187953033,0.0696498474167759,22,1
2025-11-24,8882887.035398407,0.0703770987409658,22,0
2025-11-25,8895550.31459605,0.06905184555467019,22,0
2025-11-26,8958423.241490493,0.062471990100318134,22,0
2025-11-27,8934904.676627286,0.06493328409341488,22,0
2025-11-28,8937048.731283769,0.06470890182869903,22,0
2025-12-01,8951593.328636242,0.06318676260362849,22,0
2025-12-02,8950394.615210274,0.06331221184646875,22,0
2025-12-03,8917961.0643179,0.06670648800449586,22,0
2025-12-04,8922402.494008016,0.0662416780009678,22,0
2025-12-05,8996030.71080818,0.05853624661998343,22,0
2025-12-08,8904168.13089105,0.06814996316499779,21,1
2025-12-09,8849664.093672255,0.0738539872067032,21,1
2025-12-10,8850680.105746256,0.07374765825214336,21,1
2025-12-11,8887081.390882064,0.06993814585345406,21,1
2025-12-12,8948693.77853142,0.06349020991417627,21,1
2025-12-15,8960206.532441856,0.062285362925910824,22,1
2025-12-16,8914684.639177045,0.0670493765083193,22,1
2025-12-17,8935360.06971935,0.06488562573124378,22,1
2025-12-18,8916321.500813212,0.06687807363605382,22,1
2025-12-19,8961752.34755202,0.06212358836750499,22,1
2025-12-22,9009687.534154715,0.057107015820267615,21,1
2025-12-23,9006252.515042286,0.05746650169692584,21,1
2025-12-24,8980365.813067727,0.06017562890947726,21,1
2025-12-26,8964068.922002662,0.06188115134751291,21,1
2025-12-29,8941745.15387035,0.06421740599259557,22,1
2025-12-30,8939290.735148259,0.06447426886209312,22,1
2025-12-31,8938695.105722798,0.06453660341080068,22,1
