timestamp,nav_usd
2024-10-01 00:00:00+00:00,100000.0
2024-10-01 01:00:00+00:00,100219.69487191472
2024-10-01 02:00:00+00:00,100285.44704050227
2024-10-01 03:00:00+00:00,100808.98422043267
2024-10-01 04:00:00+00:00,101141.72162206331
2024-10-01 05:00:00+00:00,100955.19394274685
2024-10-01 06:00:00+00:00,100753.32997198984
2024-10-01 07:00:00+00:00,100761.30614746173
2024-10-01 08:00:00+00:00,100662.71023399025
2024-10-01 09:00:00+00:00,100769.85133327963
2024-10-01 10:00:00+00:00,100955.29892169937
2024-10-01 11:00:00+00:00,100832.24098116434
2024-10-01 12:00:00+00:00,100761.57844015899
2024-10-01 13:00:00+00:00,100544.85664475802
2024-10-01 14:00:00+00:00,100178.0912707688
2024-10-01 15:00:00+00:00,100234.81593915042
2024-10-01 16:00:00+00:00,100133.50098916527
2024-10-01 17:00:00+00:00,100115.59207425606
2024-10-01 18:00:00+00:00,100016.158415643
2024-10-01 19:00:00+00:00,99944.36759248938
2024-10-01 20:00:00+00:00,99936.3219713154
2024-10-01 21:00:00+00:00,100012.01821733966
2024-10-01 22:00:00+00:00,99913.85940842473
2024-10-01 23:00:00+00:00,100023.2542255736
2024-10-02 00:00:00+00:00,100026.41862666336
2024-10-02 01:00:00+00:00,100218.07620387568
2024-10-02 02:00:00+00:00,100296.7514542529
2024-10-02 03:00:00+00:00,100312.30961419357
2024-10-02 04:00:00+00:00,100388.28219246172
2024-10-02 05:00:00+00:00,100437.91116076054
2024-10-02 06:00:00+00:00,100693.96393653158
2024-10-02 07:00:00+00:00,100598.83647842784
2024-10-02 08:00:00+00:00,100679.1009503355
2024-10-02 09:00:00+00:00,100365.55967740736
2024-10-02 10:00:00+00:00,100180.29974484618
2024-10-02 11:00:00+00:00,100011.3689131336
2024-10-02 12:00:00+00:00,99898.87364792835
2024-10-02 13:00:00+00:00,100330.16091662375
2024-10-02 14:00:00+00:00,100233.1948975664
2024-10-02 15:00:00+00:00,100493.77170601745
2024-10-02 16:00:00+00:00,100215.2940319433
2024-10-02 17:00:00+00:00,100080.23183268473
2024-10-02 18:00:00+00:00,99766.03649028511
2024-10-02 19:00:00+00:00,100079.18417553902
2024-10-02 20:00:00+00:00,100016.58377543234
2024-10-02 21:00:00+00:00,100019.28403857938
2024-10-02 22:00:00+00:00,100265.81670248913
2024-10-02 23:00:00+00:00,100466.78440903428
2024-10-03 00:00:00+00:00,100937.85359220875
2024-10-03 01:00:00+00:00,101350.87340725845
2024-10-03 02:00:00+00:00,101185.7035568293
2024-10-03 03:00:00+00:00,101197.15783456016
2024-10-03 04:00:00+00:00,101098.10248272606
2024-10-03 05:00:00+00:00,101029.09631763444
2024-10-03 06:00:00+00:00,101035.88032952673
2024-10-03 07:00:00+00:00,100785.23737487242
2024-10-03 08:00:00+00:00,100667.56704766501
2024-10-03 09:00:00+00:00,100841.17982314486
2024-10-03 10:00:00+00:00,101307.24740995944
2024-10-03 11:00:00+00:00,101052.34856181231
2024-10-03 12:00:00+00:00,101076.57370303257
2024-10-03 13:00:00+00:00,101092.84027897392
2024-10-03 14:00:00+00:00,100832.9433779512
2024-10-03 15:00:00+00:00,100370.40960789593
2024-10-03 16:00:00+00:00,99950.36227467802
2024-10-03 17:00:00+00:00,100323.05376390564
2024-10-03 18:00:00+00:00,100275.71545553996
2024-10-03 19:00:00+00:00,100514.98226119729
2024-10-03 20:00:00+00:00,100526.23465945957
2024-10-03 21:00:00+00:00,100532.15821326646
2024-10-03 22:00:00+00:00,100628.55620688939
2024-10-03 23:00:00+00:00,100659.80626058145
2024-10-04 00:00:00+00:00,100523.26955131626
2024-10-04 01:00:00+00:00,100552.49655392027
2024-10-04 02:00:00+00:00,100484.01215361798
2024-10-04 03:00:00+00:00,100494.8314375247
2024-10-04 04:00:00+00:00,100481.99823035311
2024-10-04 05:00:00+00:00,100481.99823035311
2024-10-04 06:00:00+00:00,100546.1642662111
2024-10-04 07:00:00+00:00,100533.3310590395
2024-10-04 08:00:00+00:00,100571.8306805543
2024-10-04 09:00:00+00:00,100546.1642662111
2024-10-04 10:00:00+00:00,100571.8306805543
2024-10-04 11:00:00+00:00,100584.6638877259
2024-10-04 12:00:00+00:00,100571.8306805543
2024-10-04 13:00:00+00:00,100571.8306805543
2024-10-04 14:00:00+00:00,100584.6638877259
2024-10-04 15:00:00+00:00,100571.8306805543
2024-10-04 16:00:00+00:00,100520.4978518679
2024-10-04 17:00:00+00:00,100494.8314375247
2024-10-04 18:00:00+00:00,100507.66464469631
2024-10-04 19:00:00+00:00,100515.23003652034
2024-10-04 20:00:00+00:00,100487.4783632498
2024-10-04 21:00:00+00:00,100487.4783632498
2024-10-04 22:00:00+00:00,100496.72892100665
2024-10-04 23:00:00+00:00,100478.22780549296
2024-10-05 00:00:00+00:00,100468.97724773613
2024-10-05 01:00:00+00:00,100292.35044138087
2024-10-05 02:00:00+00:00,100045.81887663089
2024-10-05 03:00:00+00:00,100110.11517994059
2024-10-05 04:00:00+00:00,100539.66936790777
2024-10-05 05:00:00+00:00,100759.58267190028
2024-10-05 06:00:00+00:00,100604.26990538777
2024-10-05 07:00:00+00:00,100532.14202897633
2024-10-05 08:00:00+00:00,100586.00062710734
2024-10-05 09:00:00+00:00,100532.77658377058
2024-10-05 10:00:00+00:00,100264.55744247662
2024-10-05 11:00:00+00:00,100151.09469739237
2024-10-05 12:00:00+00:00,100504.47270637749
2024-10-05 13:00:00+00:00,100164.20047533007
2024-10-05 14:00:00+00:00,100326.50963249532
2024-10-05 15:00:00+00:00,100061.73678152685
2024-10-05 16:00:00+00:00,99231.70471285374
2024-10-05 17:00:00+00:00,99278.00089174983
2024-10-05 18:00:00+00:00,99193.48301205384
2024-10-05 19:00:00+00:00,98880.56823563846
2024-10-05 20:00:00+00:00,98384.2231003147
2024-10-05 21:00:00+00:00,98600.38621308158
2024-10-05 22:00:00+00:00,98843.12516446563
2024-10-05 23:00:00+00:00,98771.09563055051
2024-10-06 00:00:00+00:00,99004.15571951508
2024-10-06 01:00:00+00:00,99524.18760845045
2024-10-06 02:00:00+00:00,99205.93817893512
2024-10-06 03:00:00+00:00,98738.63284354804
2024-10-06 04:00:00+00:00,98776.43231587505
2024-10-06 05:00:00+00:00,98769.76316352104
2024-10-06 06:00:00+00:00,98782.74931036905
2024-10-06 07:00:00+00:00,99201.12626361477
2024-10-06 08:00:00+00:00,99278.69138669453
2024-10-06 09:00:00+00:00,99539.71504478314
2024-10-06 10:00:00+00:00,99308.18033992601
2024-10-06 11:00:00+00:00,99289.59118038713
2024-10-06 12:00:00+00:00,99958.09445746386
2024-10-06 13:00:00+00:00,99706.7545686054
2024-10-06 14:00:00+00:00,100303.32720064658
2024-10-06 15:00:00+00:00,100395.61249849347
2024-10-06 16:00:00+00:00,100208.48846565725
2024-10-06 17:00:00+00:00,100159.10421954625
2024-10-06 18:00:00+00:00,100487.55078174692
2024-10-06 19:00:00+00:00,100009.96756717048
2024-10-06 20:00:00+00:00,100213.02887388118
2024-10-06 21:00:00+00:00,99791.40888104806
2024-10-06 22:00:00+00:00,100575.21063597937
2024-10-06 23:00:00+00:00,101113.59724703526
2024-10-07 00:00:00+00:00,102135.43335035318
2024-10-07 01:00:00+00:00,102608.15778216155
2024-10-07 02:00:00+00:00,102201.17371843403
2024-10-07 03:00:00+00:00,102324.02495876087
2024-10-07 04:00:00+00:00,102039.53209368528
2024-10-07 05:00:00+00:00,102264.04603283502
2024-10-07 06:00:00+00:00,102491.30475245044
2024-10-07 07:00:00+00:00,102147.71547796305
2024-10-07 08:00:00+00:00,102566.47946980217
2024-10-07 09:00:00+00:00,101705.56526295913
2024-10-07 10:00:00+00:00,100997.83661038376
2024-10-07 11:00:00+00:00,101610.90041352365
2024-10-07 12:00:00+00:00,100753.05432732077
2024-10-07 13:00:00+00:00,101714.45441522312
2024-10-07 14:00:00+00:00,103344.08893703077
2024-10-07 15:00:00+00:00,102606.60547693109
2024-10-07 16:00:00+00:00,104059.92169805148
2024-10-07 17:00:00+00:00,103955.09931654524
2024-10-07 18:00:00+00:00,101664.7000488562
2024-10-07 19:00:00+00:00,102527.09576537347
2024-10-07 20:00:00+00:00,101043.25293182189
2024-10-07 21:00:00+00:00,102083.18545623534
2024-10-07 22:00:00+00:00,100779.25928533482
2024-10-07 23:00:00+00:00,100029.22694017357
2024-10-08 00:00:00+00:00,101190.65733778651
2024-10-08 01:00:00+00:00,101382.48185054859
2024-10-08 02:00:00+00:00,101599.38060160076
2024-10-08 03:00:00+00:00,101542.81485968461
2024-10-08 04:00:00+00:00,101429.37809569784
2024-10-08 05:00:00+00:00,101177.68689870894
2024-10-08 06:00:00+00:00,101156.91508502787
2024-10-08 07:00:00+00:00,100878.69583592837
2024-10-08 08:00:00+00:00,101040.72311122832
2024-10-08 09:00:00+00:00,101088.55217727409
2024-10-08 10:00:00+00:00,101061.85070406
2024-10-08 11:00:00+00:00,101090.76179721166
2024-10-08 12:00:00+00:00,100940.01044587563
2024-10-08 13:00:00+00:00,100999.69069601742
2024-10-08 14:00:00+00:00,100940.84689382001
2024-10-08 15:00:00+00:00,100949.69301328585
2024-10-08 16:00:00+00:00,100976.38798985584
2024-10-08 17:00:00+00:00,100983.06173399833
2024-10-08 18:00:00+00:00,101006.41983849707
2024-10-08 19:00:00+00:00,101023.1041988533
2024-10-08 20:00:00+00:00,101046.46230335203
2024-10-08 21:00:00+00:00,101026.44107092454
2024-10-08 22:00:00+00:00,101039.78855920954
2024-10-08 23:00:00+00:00,101036.4516871383
2024-10-09 00:00:00+00:00,101019.76732678205
2024-10-09 01:00:00+00:00,101033.11481506705
2024-10-09 02:00:00+00:00,101026.44107092454
2024-10-09 03:00:00+00:00,101033.11481506705
2024-10-09 04:00:00+00:00,101029.7779429958
2024-10-09 05:00:00+00:00,101023.1041988533
2024-10-09 06:00:00+00:00,101029.7779429958
2024-10-09 07:00:00+00:00,101039.78855920954
2024-10-09 08:00:00+00:00,101049.79917542328
2024-10-09 09:00:00+00:00,101049.79917542328
2024-10-09 10:00:00+00:00,101033.11481506705
2024-10-09 11:00:00+00:00,101046.46230335203
2024-10-09 12:00:00+00:00,101046.46230335203
2024-10-09 13:00:00+00:00,101056.47291956577
2024-10-09 14:00:00+00:00,101076.49415199326
2024-10-09 15:00:00+00:00,101093.17851234949
2024-10-09 16:00:00+00:00,101076.49415199326
2024-10-09 17:00:00+00:00,101083.16789613575
2024-10-09 18:00:00+00:00,101079.83102406451
2024-10-09 19:00:00+00:00,101063.14666370828
2024-10-09 20:00:00+00:00,101043.12543128079
2024-10-09 21:00:00+00:00,101049.79917542328
2024-10-09 22:00:00+00:00,101043.12543128079
2024-10-09 23:00:00+00:00,101060.17296447739
2024-10-10 00:00:00+00:00,101005.00296458109
2024-10-10 01:00:00+00:00,101005.00296458109
2024-10-10 02:00:00+00:00,101011.13296456957
2024-10-10 03:00:00+00:00,100992.74296460413
2024-10-10 04:00:00+00:00,100998.8729645926
2024-10-10 05:00:00+00:00,101011.13296456957
2024-10-10 06:00:00+00:00,101011.13296456957
2024-10-10 07:00:00+00:00,101005.00296458109
2024-10-10 08:00:00+00:00,100986.61296461565
2024-10-10 09:00:00+00:00,100998.8729645926
2024-10-10 10:00:00+00:00,101005.00296458109
2024-10-10 11:00:00+00:00,101017.26296455805
2024-10-10 12:00:00+00:00,101011.13296456957
2024-10-10 13:00:00+00:00,101023.39296454651
2024-10-10 14:00:00+00:00,101011.13296456957
2024-10-10 15:00:00+00:00,101023.39296454651
2024-10-10 16:00:00+00:00,100992.74296460413
2024-10-10 17:00:00+00:00,100974.3529646387
2024-10-10 18:00:00+00:00,100968.22296465022
2024-10-10 19:00:00+00:00,100939.68786151924
2024-10-10 20:00:00+00:00,100965.08867232795
2024-10-10 21:00:00+00:00,100990.48948313668
2024-10-10 22:00:00+00:00,100939.68786151924
2024-10-10 23:00:00+00:00,100939.68786151924
2024-10-11 00:00:00+00:00,100876.18583449745
2024-10-11 01:00:00+00:00,100901.58664530616
2024-10-11 02:00:00+00:00,100863.4854290931
2024-10-11 03:00:00+00:00,100863.4854290931
2024-10-11 04:00:00+00:00,100901.58664530616
2024-10-11 05:00:00+00:00,100939.68786151924
2024-10-11 06:00:00+00:00,100965.08867232795
2024-10-11 07:00:00+00:00,100939.68786151924
2024-10-11 08:00:00+00:00,100939.68786151924
2024-10-11 09:00:00+00:00,101003.18988854103
2024-10-11 10:00:00+00:00,101028.59069934975
2024-10-11 11:00:00+00:00,101051.52933779782
2024-10-11 12:00:00+00:00,101084.89503379617
2024-10-11 13:00:00+00:00,101105.9002490695
2024-10-11 14:00:00+00:00,101111.48298693032
2024-10-11 15:00:00+00:00,101133.81393837364
2024-10-11 16:00:00+00:00,101128.23120051282
2024-10-11 17:00:00+00:00,101285.12645768153
2024-10-11 18:00:00+00:00,101170.26644349788
2024-10-11 19:00:00+00:00,101151.78565181866
2024-10-11 20:00:00+00:00,101121.51633942452
2024-10-11 21:00:00+00:00,101201.52819721204
2024-10-11 22:00:00+00:00,101187.56802644322
2024-10-11 23:00:00+00:00,101369.25049482642
2024-10-12 00:00:00+00:00,101247.64569949495
2024-10-12 01:00:00+00:00,101130.4343892133
2024-10-12 02:00:00+00:00,100966.5459680332
2024-10-12 03:00:00+00:00,100790.32810665158
2024-10-12 04:00:00+00:00,100675.08627575406
2024-10-12 05:00:00+00:00,100663.8889314931
2024-10-12 06:00:00+00:00,100694.05727744862
2024-10-12 07:00:00+00:00,100741.99066783617
2024-10-12 08:00:00+00:00,100899.05403725957
2024-10-12 09:00:00+00:00,100784.92876321069
2024-10-12 10:00:00+00:00,101111.37039595877
2024-10-12 11:00:00+00:00,101013.71936525434
2024-10-12 12:00:00+00:00,101166.1069269243
2024-10-12 13:00:00+00:00,101908.64575714705
2024-10-12 14:00:00+00:00,102117.12888389715
2024-10-12 15:00:00+00:00,101329.09480779842
2024-10-12 16:00:00+00:00,101367.5187834859
2024-10-12 17:00:00+00:00,101569.44708543023
2024-10-12 18:00:00+00:00,101094.10370015672
2024-10-12 19:00:00+00:00,101296.24384082822
2024-10-12 20:00:00+00:00,101398.7165195015
2024-10-12 21:00:00+00:00,101863.50042617423
2024-10-12 22:00:00+00:00,101592.16219050979
2024-10-12 23:00:00+00:00,101346.14746332788
2024-10-13 00:00:00+00:00,101534.03730867725
2024-10-13 01:00:00+00:00,101228.96469051114
2024-10-13 02:00:00+00:00,101190.10128126043
2024-10-13 03:00:00+00:00,100925.75622577692
2024-10-13 04:00:00+00:00,101547.13272477925
2024-10-13 05:00:00+00:00,101697.4345486264
2024-10-13 06:00:00+00:00,101630.60382186019
2024-10-13 07:00:00+00:00,101502.46485190591
2024-10-13 08:00:00+00:00,100679.25103164502
2024-10-13 09:00:00+00:00,101191.08717538406
2024-10-13 10:00:00+00:00,100595.38057148193
2024-10-13 11:00:00+00:00,100024.60177322185
2024-10-13 12:00:00+00:00,100510.09478168425
2024-10-13 13:00:00+00:00,100556.17757043467
2024-10-13 14:00:00+00:00,99883.9840791529
2024-10-13 15:00:00+00:00,99556.90466825743
2024-10-13 16:00:00+00:00,100323.5586005866
2024-10-13 17:00:00+00:00,99892.46733909927
2024-10-13 18:00:00+00:00,99575.84293830249
2024-10-13 19:00:00+00:00,100278.21895961855
2024-10-13 20:00:00+00:00,100475.95475794992
2024-10-13 21:00:00+00:00,101032.77406310974
2024-10-13 22:00:00+00:00,101166.71934132601
2024-10-13 23:00:00+00:00,101333.05620480797
2024-10-14 00:00:00+00:00,100939.63466624694
2024-10-14 01:00:00+00:00,101165.29685958974
2024-10-14 02:00:00+00:00,100767.11017669053
2024-10-14 03:00:00+00:00,102296.88312473873
2024-10-14 04:00:00+00:00,102164.4619578064
2024-10-14 05:00:00+00:00,102063.99968835732
2024-10-14 06:00:00+00:00,102604.33814199429
2024-10-14 07:00:00+00:00,102592.32300884183
2024-10-14 08:00:00+00:00,102256.2802590437
2024-10-14 09:00:00+00:00,102294.84948455328
2024-10-14 10:00:00+00:00,102779.54146025944
2024-10-14 11:00:00+00:00,102744.82445139703
2024-10-14 12:00:00+00:00,102390.37740620298
2024-10-14 13:00:00+00:00,102785.55675473047
2024-10-14 14:00:00+00:00,103640.77675157375
2024-10-14 15:00:00+00:00,103366.8359575475
2024-10-14 16:00:00+00:00,102586.36865242361
2024-10-14 17:00:00+00:00,102662.95922012826
2024-10-14 18:00:00+00:00,102802.87283850496
2024-10-14 19:00:00+00:00,102613.25063393678
2024-10-14 20:00:00+00:00,102642.40514275001
2024-10-14 21:00:00+00:00,102532.30197230936
2024-10-14 22:00:00+00:00,103734.7896849215
2024-10-14 23:00:00+00:00,103644.9946745124
2024-10-15 00:00:00+00:00,103179.03512372497
2024-10-15 01:00:00+00:00,103490.81599167612
2024-10-15 02:00:00+00:00,103995.54559371778
2024-10-15 03:00:00+00:00,103293.73640122236
2024-10-15 04:00:00+00:00,104629.52948996454
2024-10-15 05:00:00+00:00,104112.79739303514
2024-10-15 06:00:00+00:00,105734.62871226207
2024-10-15 07:00:00+00:00,105810.9785819933
2024-10-15 08:00:00+00:00,105821.48330595744
2024-10-15 09:00:00+00:00,104817.32371406807
2024-10-15 10:00:00+00:00,104957.28030312475
2024-10-15 11:00:00+00:00,102432.63110763943
2024-10-15 12:00:00+00:00,104307.74435375098
2024-10-15 13:00:00+00:00,105436.82281110814
2024-10-15 14:00:00+00:00,102117.21216272282
2024-10-15 15:00:00+00:00,102433.01021712497
2024-10-15 16:00:00+00:00,103254.14620743858
2024-10-15 17:00:00+00:00,102933.99529393595
2024-10-15 18:00:00+00:00,103122.93085883328
2024-10-15 19:00:00+00:00,102846.06325538197
2024-10-15 20:00:00+00:00,101561.39873584532
2024-10-15 21:00:00+00:00,102399.27420191867
2024-10-15 22:00:00+00:00,102365.65193114428
2024-10-15 23:00:00+00:00,103195.15767331223
2024-10-16 00:00:00+00:00,102734.03004744684
2024-10-16 01:00:00+00:00,103296.80826786274
2024-10-16 02:00:00+00:00,103246.86397462801
2024-10-16 03:00:00+00:00,103280.057266436
2024-10-16 04:00:00+00:00,103141.73158667801
2024-10-16 05:00:00+00:00,103272.25926559433
2024-10-16 06:00:00+00:00,102648.89153172722
2024-10-16 07:00:00+00:00,102345.71746659317
2024-10-16 08:00:00+00:00,102344.31374207116
2024-10-16 09:00:00+00:00,102939.30514719407
2024-10-16 10:00:00+00:00,103072.90956167714
2024-10-16 11:00:00+00:00,103216.10060314671
2024-10-16 12:00:00+00:00,102864.61910912534
2024-10-16 13:00:00+00:00,102389.11143811981
2024-10-16 14:00:00+00:00,102390.29250930744
2024-10-16 15:00:00+00:00,102361.50472462979
2024-10-16 16:00:00+00:00,102481.62831205441
2024-10-16 17:00:00+00:00,102607.11394565602
2024-10-16 18:00:00+00:00,102400.25265674379
2024-10-16 19:00:00+00:00,102499.14115417973
2024-10-16 20:00:00+00:00,102755.14975558384
2024-10-16 21:00:00+00:00,102436.44283278612
2024-10-16 22:00:00+00:00,102626.27872341796
2024-10-16 23:00:00+00:00,102280.65954006457
2024-10-17 00:00:00+00:00,102266.01841128842
2024-10-17 01:00:00+00:00,102367.10208799888
2024-10-17 02:00:00+00:00,101957.75321492704
2024-10-17 03:00:00+00:00,102314.53055381696
2024-10-17 04:00:00+00:00,101880.41057390854
2024-10-17 05:00:00+00:00,101586.39315230248
2024-10-17 06:00:00+00:00,101456.35461267827
2024-10-17 07:00:00+00:00,101351.41192167421
2024-10-17 08:00:00+00:00,101486.15245274521
2024-10-17 09:00:00+00:00,101442.53832017117
2024-10-17 10:00:00+00:00,101335.16784007165
2024-10-17 11:00:00+00:00,100751.52991600319
2024-10-17 12:00:00+00:00,101219.82126264727
2024-10-17 13:00:00+00:00,101003.1995727701
2024-10-17 14:00:00+00:00,101024.59012454092
2024-10-17 15:00:00+00:00,101511.49541226854
2024-10-17 16:00:00+00:00,101337.11598984842
2024-10-17 17:00:00+00:00,101169.54356114869
2024-10-17 18:00:00+00:00,100797.67226666931
2024-10-17 19:00:00+00:00,101376.48737581864
2024-10-17 20:00:00+00:00,101853.33736793489
2024-10-17 21:00:00+00:00,101982.86092804633
2024-10-17 22:00:00+00:00,102183.51777783036
2024-10-17 23:00:00+00:00,102163.46904419464
2024-10-18 00:00:00+00:00,102524.12826062184
2024-10-18 01:00:00+00:00,103685.66170160056
2024-10-18 02:00:00+00:00,102974.86724877192
2024-10-18 03:00:00+00:00,102645.73041797496
2024-10-18 04:00:00+00:00,102545.29837931658
2024-10-18 05:00:00+00:00,102863.42814035395
2024-10-18 06:00:00+00:00,103056.56943691753
2024-10-18 07:00:00+00:00,103021.14931185436
2024-10-18 08:00:00+00:00,102938.15820057449
2024-10-18 09:00:00+00:00,102880.86503177657
2024-10-18 10:00:00+00:00,102884.0896573361
2024-10-18 11:00:00+00:00,102538.15100699566
2024-10-18 12:00:00+00:00,102615.60321631594
2024-10-18 13:00:00+00:00,103003.09245376992
2024-10-18 14:00:00+00:00,103389.1846585783
2024-10-18 15:00:00+00:00,103746.358523133
2024-10-18 16:00:00+00:00,104010.28419064177
2024-10-18 17:00:00+00:00,103866.24911282638
2024-10-18 18:00:00+00:00,103908.17981302126
2024-10-18 19:00:00+00:00,103618.37381703843
2024-10-18 20:00:00+00:00,103543.21951105571
2024-10-18 21:00:00+00:00,103632.28519738597
2024-10-18 22:00:00+00:00,103732.25153842817
2024-10-18 23:00:00+00:00,103506.13235785649
2024-10-19 00:00:00+00:00,103627.92983869932
2024-10-19 01:00:00+00:00,104794.18736565099
2024-10-19 02:00:00+00:00,104907.98198345402
2024-10-19 03:00:00+00:00,104674.6413391062
2024-10-19 04:00:00+00:00,104589.74749261573
2024-10-19 05:00:00+00:00,105023.93511188467
2024-10-19 06:00:00+00:00,105653.26369839572
2024-10-19 07:00:00+00:00,104987.0379695259
2024-10-19 08:00:00+00:00,105479.09631047801
2024-10-19 09:00:00+00:00,105428.39457312909
2024-10-19 10:00:00+00:00,105342.0864381418
2024-10-19 11:00:00+00:00,104365.9352786959
2024-10-19 12:00:00+00:00,105110.2893915378
2024-10-19 13:00:00+00:00,104895.71396945581
2024-10-19 14:00:00+00:00,105638.9668355944
2024-10-19 15:00:00+00:00,105165.38731245586
2024-10-19 16:00:00+00:00,104552.6887257845
2024-10-19 17:00:00+00:00,104409.58811903727
2024-10-19 18:00:00+00:00,104611.06698870787
2024-10-19 19:00:00+00:00,104592.47213331435
2024-10-19 20:00:00+00:00,105002.72652883244
2024-10-19 21:00:00+00:00,105093.73279122578
2024-10-19 22:00:00+00:00,105580.50165359244
2024-10-19 23:00:00+00:00,105546.39995717452
2024-10-20 00:00:00+00:00,104965.77428883332
2024-10-20 01:00:00+00:00,104898.40489916675
2024-10-20 02:00:00+00:00,104787.06477580256
2024-10-20 03:00:00+00:00,104668.69803440495
2024-10-20 04:00:00+00:00,104553.20944479914
2024-10-20 05:00:00+00:00,104366.34790831295
2024-10-20 06:00:00+00:00,104583.74288263623
2024-10-20 07:00:00+00:00,104328.16816996635
2024-10-20 08:00:00+00:00,104359.53727555863
2024-10-20 09:00:00+00:00,104578.93156785547
2024-10-20 10:00:00+00:00,104483.73505743654
2024-10-20 11:00:00+00:00,104581.30240287827
2024-10-20 12:00:00+00:00,104011.1109514836
2024-10-20 13:00:00+00:00,104711.68381103381
2024-10-20 14:00:00+00:00,105264.52485827752
2024-10-20 15:00:00+00:00,104856.46132774906
2024-10-20 16:00:00+00:00,104890.67900740207
2024-10-20 17:00:00+00:00,104914.47222305197
2024-10-20 18:00:00+00:00,105180.08987641905
2024-10-20 19:00:00+00:00,105088.3221689648
2024-10-20 20:00:00+00:00,105437.18500631275
2024-10-20 21:00:00+00:00,105793.4980694011
2024-10-20 22:00:00+00:00,106688.1558064221
2024-10-20 23:00:00+00:00,106774.66610780737
2024-10-21 00:00:00+00:00,106695.04297392859
2024-10-21 01:00:00+00:00,106930.06595034103
2024-10-21 02:00:00+00:00,106287.30033833752
2024-10-21 03:00:00+00:00,106627.44804519646
2024-10-21 04:00:00+00:00,107038.620863068
2024-10-21 05:00:00+00:00,107047.63631010939
2024-10-21 06:00:00+00:00,106393.19001009392
2024-10-21 07:00:00+00:00,106207.32098878344
2024-10-21 08:00:00+00:00,105693.99494333274
2024-10-21 09:00:00+00:00,105844.41507419295
2024-10-21 10:00:00+00:00,105494.70218192776
2024-10-21 11:00:00+00:00,105467.42697313381
2024-10-21 12:00:00+00:00,105340.14333753081
2024-10-21 13:00:00+00:00,104250.79145772208
2024-10-21 14:00:00+00:00,104437.74941312076
2024-10-21 15:00:00+00:00,104529.93070255683
2024-10-21 16:00:00+00:00,104337.22451500964
2024-10-21 17:00:00+00:00,104609.63323964516
2024-10-21 18:00:00+00:00,104531.10942924049
2024-10-21 19:00:00+00:00,104715.13081645018
2024-10-21 20:00:00+00:00,104679.5453782058
2024-10-21 21:00:00+00:00,104737.64024226232
2024-10-21 22:00:00+00:00,104769.47352659662
2024-10-21 23:00:00+00:00,104667.32974317948
2024-10-22 00:00:00+00:00,104605.37760855704
2024-10-22 01:00:00+00:00,104757.14725823935
2024-10-22 02:00:00+00:00,104679.37733494243
2024-10-22 03:00:00+00:00,104707.9523139519
2024-10-22 04:00:00+00:00,104711.05265648793
2024-10-22 05:00:00+00:00,104777.45401837627
2024-10-22 06:00:00+00:00,104776.99195193971
2024-10-22 07:00:00+00:00,104720.24592646273
2024-10-22 08:00:00+00:00,104602.30463045553
2024-10-22 09:00:00+00:00,104570.15639410258
2024-10-22 10:00:00+00:00,104627.32970637729
2024-10-22 11:00:00+00:00,104624.53292653439
2024-10-22 12:00:00+00:00,104533.19022927845
2024-10-22 13:00:00+00:00,104484.0754093418
2024-10-22 14:00:00+00:00,104669.21504760797
2024-10-22 15:00:00+00:00,104579.41589050618
2024-10-22 16:00:00+00:00,104458.65217985392
2024-10-22 17:00:00+00:00,104582.26758497272
2024-10-22 18:00:00+00:00,104584.46311943005
2024-10-22 19:00:00+00:00,104598.87190657611
2024-10-22 20:00:00+00:00,104613.35969944819
2024-10-22 21:00:00+00:00,104609.6802377555
2024-10-22 22:00:00+00:00,104659.52616592069
2024-10-22 23:00:00+00:00,104595.59498372994
2024-10-23 00:00:00+00:00,104535.26603527067
2024-10-23 01:00:00+00:00,104595.15676939594
2024-10-23 02:00:00+00:00,104531.70430685756
2024-10-23 03:00:00+00:00,104532.71304955431
2024-10-23 04:00:00+00:00,104551.92568491284
2024-10-23 05:00:00+00:00,104548.77809233719
2024-10-23 06:00:00+00:00,104595.36622590345
2024-10-23 07:00:00+00:00,104569.20776389325
2024-10-23 08:00:00+00:00,104474.42664797575
2024-10-23 09:00:00+00:00,104437.83389447714
2024-10-23 10:00:00+00:00,104405.08713197624
2024-10-23 11:00:00+00:00,104389.02307732117
2024-10-23 12:00:00+00:00,104391.40738948224
2024-10-23 13:00:00+00:00,104520.73790587176
2024-10-23 14:00:00+00:00,104483.6536070536
2024-10-23 15:00:00+00:00,104470.6355167668
2024-10-23 16:00:00+00:00,104373.68761698063
2024-10-23 17:00:00+00:00,104354.12020668839
2024-10-23 18:00:00+00:00,104423.94734726542
2024-10-23 19:00:00+00:00,104470.87387844016
2024-10-23 20:00:00+00:00,104478.00828606194
2024-10-23 21:00:00+00:00,104455.40942462561
2024-10-23 22:00:00+00:00,104462.68155908179
2024-10-23 23:00:00+00:00,104459.90069139442
2024-10-24 00:00:00+00:00,104485.36314618247
2024-10-24 01:00:00+00:00,104485.60916023838
2024-10-24 02:00:00+00:00,104505.4132917402
2024-10-24 03:00:00+00:00,104512.82159977569
2024-10-24 04:00:00+00:00,104521.98973447125
2024-10-24 05:00:00+00:00,104526.0817737072
2024-10-24 06:00:00+00:00,104526.02983559348
2024-10-24 07:00:00+00:00,104527.75193398494
2024-10-24 08:00:00+00:00,104506.41978003386
2024-10-24 09:00:00+00:00,104502.97558325094
2024-10-24 10:00:00+00:00,104528.64579049387
2024-10-24 11:00:00+00:00,104544.03781270196
2024-10-24 12:00:00+00:00,104569.94676055883
2024-10-24 13:00:00+00:00,104580.40235793557
2024-10-24 14:00:00+00:00,104561.95810279189
2024-10-24 15:00:00+00:00,104569.53900348248
2024-10-24 16:00:00+00:00,104639.87862632482
2024-10-24 17:00:00+00:00,104636.01987341497
2024-10-24 18:00:00+00:00,104634.09729601062
2024-10-24 19:00:00+00:00,104930.3297104529
2024-10-24 20:00:00+00:00,105019.6172922294
2024-10-24 21:00:00+00:00,105072.51795629389
2024-10-24 22:00:00+00:00,105063.61550729586
2024-10-24 23:00:00+00:00,104797.35531133729
2024-10-25 00:00:00+00:00,104474.02848454168
2024-10-25 01:00:00+00:00,104195.40761187414
2024-10-25 02:00:00+00:00,104102.92356337485
2024-10-25 03:00:00+00:00,104095.48175017454
2024-10-25 04:00:00+00:00,103706.20448055028
2024-10-25 05:00:00+00:00,103725.95661808498
2024-10-25 06:00:00+00:00,103856.74542886957
2024-10-25 07:00:00+00:00,103298.59490640978
2024-10-25 08:00:00+00:00,103483.5488430907
2024-10-25 09:00:00+00:00,103723.31297756726
2024-10-25 10:00:00+00:00,103756.80406059543
2024-10-25 11:00:00+00:00,104016.78251442016
2024-10-25 12:00:00+00:00,103921.72164026988
2024-10-25 13:00:00+00:00,104508.2738340548
2024-10-25 14:00:00+00:00,104505.60457027913
2024-10-25 15:00:00+00:00,103752.0277016052
2024-10-25 16:00:00+00:00,103684.6804515261
2024-10-25 17:00:00+00:00,102579.9405330223
2024-10-25 18:00:00+00:00,102673.11963055741
2024-10-25 19:00:00+00:00,102420.59644067183
2024-10-25 20:00:00+00:00,102384.99472191895
2024-10-25 21:00:00+00:00,102756.23117149866
2024-10-25 22:00:00+00:00,101654.80307685344
2024-10-25 23:00:00+00:00,100942.20271298202
2024-10-26 00:00:00+00:00,101150.01955733946
2024-10-26 01:00:00+00:00,100973.68269419906
2024-10-26 02:00:00+00:00,101285.06027304783
2024-10-26 03:00:00+00:00,101434.09050845023
2024-10-26 04:00:00+00:00,101475.45756918448
2024-10-26 05:00:00+00:00,101580.05563349681
2024-10-26 06:00:00+00:00,101513.14621281292
2024-10-26 07:00:00+00:00,101490.88631757542
2024-10-26 08:00:00+00:00,101534.63098711777
2024-10-26 09:00:00+00:00,101563.20800274478
2024-10-26 10:00:00+00:00,101581.27281929168
2024-10-26 11:00:00+00:00,101550.51930438266
2024-10-26 12:00:00+00:00,101537.66344905796
2024-10-26 13:00:00+00:00,101544.70930917328
2024-10-26 14:00:00+00:00,101474.65383427197
2024-10-26 15:00:00+00:00,101484.07003340442
2024-10-26 16:00:00+00:00,101531.48595222361
2024-10-26 17:00:00+00:00,101523.13785180275
2024-10-26 18:00:00+00:00,101521.6352668348
2024-10-26 19:00:00+00:00,101554.42541606756
2024-10-26 20:00:00+00:00,101581.20522542855
2024-10-26 21:00:00+00:00,101585.34608793916
2024-10-26 22:00:00+00:00,101577.76617846807
2024-10-26 23:00:00+00:00,101597.70108160788
2024-10-27 00:00:00+00:00,101636.60235227537
2024-10-27 01:00:00+00:00,101870.33867873243
2024-10-27 02:00:00+00:00,101795.58421413729
2024-10-27 03:00:00+00:00,101861.47375427905
2024-10-27 04:00:00+00:00,101853.71709569078
2024-10-27 05:00:00+00:00,101872.41226208318
2024-10-27 06:00:00+00:00,101938.8556379177
2024-10-27 07:00:00+00:00,101945.7191501701
2024-10-27 08:00:00+00:00,102093.2878593961
2024-10-27 09:00:00+00:00,101935.46034998746
2024-10-27 10:00:00+00:00,101748.24401685494
2024-10-27 11:00:00+00:00,101873.892582969
2024-10-27 12:00:00+00:00,102251.61632104815
2024-10-27 13:00:00+00:00,102207.69881692337
2024-10-27 14:00:00+00:00,102325.37086657822
2024-10-27 15:00:00+00:00,102426.40312840714
2024-10-27 16:00:00+00:00,102729.7087967158
2024-10-27 17:00:00+00:00,102497.66040041673
2024-10-27 18:00:00+00:00,102295.6796863531
2024-10-27 19:00:00+00:00,102573.56841321616
2024-10-27 20:00:00+00:00,102421.43126863224
2024-10-27 21:00:00+00:00,102490.56904437876
2024-10-27 22:00:00+00:00,102741.72363219674
2024-10-27 23:00:00+00:00,102747.80389493587
2024-10-28 00:00:00+00:00,102506.45206085512
2024-10-28 01:00:00+00:00,102378.51546118846
2024-10-28 02:00:00+00:00,102691.88675957068
2024-10-28 03:00:00+00:00,102361.16013765498
2024-10-28 04:00:00+00:00,102452.62491882146
2024-10-28 05:00:00+00:00,102283.33207001696
2024-10-28 06:00:00+00:00,102344.93291350131
2024-10-28 07:00:00+00:00,102653.49224277673
2024-10-28 08:00:00+00:00,102733.57913893167
2024-10-28 09:00:00+00:00,103016.2415162944
2024-10-28 10:00:00+00:00,103050.39984768111
2024-10-28 11:00:00+00:00,103060.22057581597
2024-10-28 12:00:00+00:00,103351.62739442405
2024-10-28 13:00:00+00:00,102984.77569937841
2024-10-28 14:00:00+00:00,103275.73300506336
2024-10-28 15:00:00+00:00,102713.76599096472
2024-10-28 16:00:00+00:00,102988.71735153462
2024-10-28 17:00:00+00:00,103181.91023965803
2024-10-28 18:00:00+00:00,103688.5439852351
2024-10-28 19:00:00+00:00,104614.9608623281
2024-10-28 20:00:00+00:00,104627.03300397847
2024-10-28 21:00:00+00:00,105071.81117847362
2024-10-28 22:00:00+00:00,105020.39347081243
2024-10-28 23:00:00+00:00,105207.5070955026
2024-10-29 00:00:00+00:00,105907.97873161749
2024-10-29 01:00:00+00:00,105850.64456600716
2024-10-29 02:00:00+00:00,106290.29978822017
2024-10-29 03:00:00+00:00,106357.66394728608
2024-10-29 04:00:00+00:00,106249.58294585822
2024-10-29 05:00:00+00:00,106049.7907944351
2024-10-29 06:00:00+00:00,106017.12959201128
2024-10-29 07:00:00+00:00,105900.23027940551
2024-10-29 08:00:00+00:00,106121.94500297676
2024-10-29 09:00:00+00:00,106114.63968006578
2024-10-29 10:00:00+00:00,106315.87422884988
2024-10-29 11:00:00+00:00,106338.24968545121
2024-10-29 12:00:00+00:00,106109.35918349565
2024-10-29 13:00:00+00:00,106497.58245855436
2024-10-29 14:00:00+00:00,106486.0706467946
2024-10-29 15:00:00+00:00,107425.67578925873
2024-10-29 16:00:00+00:00,108737.61275188951
2024-10-29 17:00:00+00:00,108302.23083704733
2024-10-29 18:00:00+00:00,108186.97506661972
2024-10-29 19:00:00+00:00,106775.9669495876
2024-10-29 20:00:00+00:00,106880.04045936448
2024-10-29 21:00:00+00:00,107325.28559632972
2024-10-29 22:00:00+00:00,107678.97565118744
2024-10-29 23:00:00+00:00,107829.49630629271
2024-10-30 00:00:00+00:00,107419.99147822944
2024-10-30 01:00:00+00:00,107873.4491966743
2024-10-30 02:00:00+00:00,107484.19638911673
2024-10-30 03:00:00+00:00,107680.23756722832
2024-10-30 04:00:00+00:00,107743.018595502
2024-10-30 05:00:00+00:00,108025.05003178798
2024-10-30 06:00:00+00:00,107616.87837051344
2024-10-30 07:00:00+00:00,107269.36955016069
2024-10-30 08:00:00+00:00,106882.00562447836
2024-10-30 09:00:00+00:00,107444.90850108289
2024-10-30 10:00:00+00:00,107237.83005485145
2024-10-30 11:00:00+00:00,106437.96191939086
2024-10-30 12:00:00+00:00,106945.84954471924
2024-10-30 13:00:00+00:00,106823.94527805399
2024-10-30 14:00:00+00:00,107072.15065811043
2024-10-30 15:00:00+00:00,106206.89252856137
2024-10-30 16:00:00+00:00,106529.75185734348
2024-10-30 17:00:00+00:00,106270.92893057063
2024-10-30 18:00:00+00:00,106346.01331276359
2024-10-30 19:00:00+00:00,106255.778586573
2024-10-30 20:00:00+00:00,106971.14074859153
2024-10-30 21:00:00+00:00,106728.99409955679
2024-10-30 22:00:00+00:00,106860.00757069071
2024-10-30 23:00:00+00:00,106641.1784223068
2024-10-31 00:00:00+00:00,106768.27797756625
2024-10-31 01:00:00+00:00,106968.53716153838
2024-10-31 02:00:00+00:00,106850.06287115872
2024-10-31 03:00:00+00:00,106807.92762856634
2024-10-31 04:00:00+00:00,106730.77766249361
2024-10-31 05:00:00+00:00,106779.15136848297
2024-10-31 06:00:00+00:00,106380.22585347145
2024-10-31 07:00:00+00:00,106625.75784755651
2024-10-31 08:00:00+00:00,106003.74447865774
2024-10-31 09:00:00+00:00,106179.41327688338
2024-10-31 10:00:00+00:00,106424.40051426092
2024-10-31 11:00:00+00:00,106266.73040247447
2024-10-31 12:00:00+00:00,106076.7290322759
2024-10-31 13:00:00+00:00,105065.38965304472
2024-10-31 14:00:00+00:00,104230.31142635093
2024-10-31 15:00:00+00:00,104210.26838196162
2024-10-31 16:00:00+00:00,103866.57759383292
2024-10-31 17:00:00+00:00,103904.6763389649
2024-10-31 18:00:00+00:00,103288.1512508285
2024-10-31 19:00:00+00:00,102810.61649010376
2024-10-31 20:00:00+00:00,102834.4214026125
2024-10-31 21:00:00+00:00,103094.56343419179
2024-10-31 22:00:00+00:00,103130.28966657008
2024-10-31 23:00:00+00:00,103103.75058746437
2024-11-01 00:00:00+00:00,103159.23014917794
2024-11-01 01:00:00+00:00,103027.26176619082
2024-11-01 02:00:00+00:00,103060.39356973824
2024-11-01 03:00:00+00:00,102985.52818622119
2024-11-01 04:00:00+00:00,103053.95502751316
2024-11-01 05:00:00+00:00,103026.84734680754
2024-11-01 06:00:00+00:00,102898.63802750211
2024-11-01 07:00:00+00:00,102850.17019033965
2024-11-01 08:00:00+00:00,102886.8348215538
2024-11-01 09:00:00+00:00,102923.36595936082
2024-11-01 10:00:00+00:00,103014.60923640775
2024-11-01 11:00:00+00:00,103013.00064739911
2024-11-01 12:00:00+00:00,103050.3451523102
2024-11-01 13:00:00+00:00,103126.49892839899
2024-11-01 14:00:00+00:00,103123.1059820349
2024-11-01 15:00:00+00:00,102940.55889333406
2024-11-01 16:00:00+00:00,102998.92452833548
2024-11-01 17:00:00+00:00,102975.40060513307
2024-11-01 18:00:00+00:00,102944.87474458406
2024-11-01 19:00:00+00:00,102953.0510508262
2024-11-01 20:00:00+00:00,102955.89413253788
2024-11-01 21:00:00+00:00,102959.35656487629
2024-11-01 22:00:00+00:00,102960.90316599052
2024-11-01 23:00:00+00:00,102964.96304947331
2024-11-02 00:00:00+00:00,102969.14495389356
2024-11-02 01:00:00+00:00,102964.96304947331
2024-11-02 02:00:00+00:00,102964.96304947331
2024-11-02 03:00:00+00:00,102956.59924063283
2024-11-02 04:00:00+00:00,102964.96304947331
2024-11-02 05:00:00+00:00,102969.14495389356
2024-11-02 06:00:00+00:00,102969.14495389356
2024-11-02 07:00:00+00:00,102973.3268583138
2024-11-02 08:00:00+00:00,102964.96304947331
2024-11-02 09:00:00+00:00,102956.59924063283
2024-11-02 10:00:00+00:00,102964.96304947331
2024-11-02 11:00:00+00:00,102960.78114505307
2024-11-02 12:00:00+00:00,102939.87162295185
2024-11-02 13:00:00+00:00,102931.50781411136
2024-11-02 14:00:00+00:00,102927.32590969112
2024-11-02 15:00:00+00:00,102923.14400527086
2024-11-02 16:00:00+00:00,102923.14400527086
2024-11-02 17:00:00+00:00,102876.29406521498
2024-11-02 18:00:00+00:00,102853.28818490375
2024-11-02 19:00:00+00:00,102874.09425378172
2024-11-02 20:00:00+00:00,102834.0249086919
2024-11-02 21:00:00+00:00,102764.61463709208
2024-11-02 22:00:00+00:00,102687.89481768533
2024-11-02 23:00:00+00:00,102716.13256667172
2024-11-03 00:00:00+00:00,102519.23073070968
2024-11-03 01:00:00+00:00,102365.1662322964
2024-11-03 02:00:00+00:00,101849.56908498207
2024-11-03 03:00:00+00:00,101921.57486656167
2024-11-03 04:00:00+00:00,102096.66991929093
2024-11-03 05:00:00+00:00,101929.88242700085
2024-11-03 06:00:00+00:00,102063.25164332664
2024-11-03 07:00:00+00:00,102038.62550075058
2024-11-03 08:00:00+00:00,102044.30965669801
2024-11-03 09:00:00+00:00,101889.51333527896
2024-11-03 10:00:00+00:00,101906.29864255652
2024-11-03 11:00:00+00:00,101717.42825447513
2024-11-03 12:00:00+00:00,101722.5472202708
2024-11-03 13:00:00+00:00,101511.61487825593
2024-11-03 14:00:00+00:00,101471.9383041987
2024-11-03 15:00:00+00:00,101494.2475081889
2024-11-03 16:00:00+00:00,101486.6151332809
2024-11-03 17:00:00+00:00,101529.48081765656
2024-11-03 18:00:00+00:00,101332.1053672597
2024-11-03 19:00:00+00:00,101728.45234214774
2024-11-03 20:00:00+00:00,101823.7306156713
2024-11-03 21:00:00+00:00,101947.13904431408
2024-11-03 22:00:00+00:00,101918.44318336822
2024-11-03 23:00:00+00:00,102089.41650977122
2024-11-04 00:00:00+00:00,101796.78724040824
2024-11-04 01:00:00+00:00,102009.12833478354
2024-11-04 02:00:00+00:00,101901.37315256323
2024-11-04 03:00:00+00:00,101617.19527004106
2024-11-04 04:00:00+00:00,101532.68140163299
2024-11-04 05:00:00+00:00,101338.29950429441
2024-11-04 06:00:00+00:00,101468.23957697183
2024-11-04 07:00:00+00:00,101354.14585462093
2024-11-04 08:00:00+00:00,101214.69797174759
2024-11-04 09:00:00+00:00,101367.87935823723
2024-11-04 10:00:00+00:00,101410.13629244128
2024-11-04 11:00:00+00:00,101415.41840921679
2024-11-04 12:00:00+00:00,101553.80986873501
2024-11-04 13:00:00+00:00,101450.28037993511
2024-11-04 14:00:00+00:00,101361.54081810663
2024-11-04 15:00:00+00:00,101517.89147466158
2024-11-04 16:00:00+00:00,101233.71359213941
2024-11-04 17:00:00+00:00,101358.37154804132
2024-11-04 18:00:00+00:00,101183.00527109456
2024-11-04 19:00:00+00:00,101068.91154874366
2024-11-04 20:00:00+00:00,100878.75534482548
2024-11-04 21:00:00+00:00,100514.28928731564
2024-11-04 22:00:00+00:00,101104.82994281709
2024-11-04 23:00:00+00:00,101063.62943196815
2024-11-05 00:00:00+00:00,101265.40629279244
2024-11-05 01:00:00+00:00,100993.34954792474
2024-11-05 02:00:00+00:00,100923.21433335987
2024-11-05 03:00:00+00:00,100984.73645139922
2024-11-05 04:00:00+00:00,100951.51450765798
2024-11-05 05:00:00+00:00,101314.49500409022
2024-11-05 06:00:00+00:00,101844.81566158953
2024-11-05 07:00:00+00:00,101640.56222969884
2024-11-05 08:00:00+00:00,101709.46700190293
2024-11-05 09:00:00+00:00,101652.86665330672
2024-11-05 10:00:00+00:00,101810.3632754875
2024-11-05 11:00:00+00:00,102105.66944207644
2024-11-05 12:00:00+00:00,101868.1940664445
2024-11-05 13:00:00+00:00,101967.12721599826
2024-11-05 14:00:00+00:00,102433.19023518974
2024-11-05 15:00:00+00:00,102328.7920520033
2024-11-05 16:00:00+00:00,102436.46952628419
2024-11-05 17:00:00+00:00,102386.60249926065
2024-11-05 18:00:00+00:00,102379.54168127503
2024-11-05 19:00:00+00:00,102242.37645691479
2024-11-05 20:00:00+00:00,102265.56163132902
2024-11-05 21:00:00+00:00,102142.54831161922
2024-11-05 22:00:00+00:00,102432.5318897801
2024-11-05 23:00:00+00:00,102450.54964969307
2024-11-06 00:00:00+00:00,104001.30882959507
2024-11-06 01:00:00+00:00,103748.57066254638
2024-11-06 02:00:00+00:00,105933.07294128554
2024-11-06 03:00:00+00:00,107567.61654515157
2024-11-06 04:00:00+00:00,107128.7756784647
2024-11-06 05:00:00+00:00,107507.34567367622
2024-11-06 06:00:00+00:00,107027.68113318823
2024-11-06 07:00:00+00:00,106357.58418021954
2024-11-06 08:00:00+00:00,106018.3066694082
2024-11-06 09:00:00+00:00,106973.65739664843
2024-11-06 10:00:00+00:00,107245.35843541197
2024-11-06 11:00:00+00:00,107248.53529272805
2024-11-06 12:00:00+00:00,107080.58530377178
2024-11-06 13:00:00+00:00,107209.39389279985
2024-11-06 14:00:00+00:00,106532.28396649768
2024-11-06 15:00:00+00:00,107306.32478624044
2024-11-06 16:00:00+00:00,108093.15250576517
2024-11-06 17:00:00+00:00,107872.76360925358
2024-11-06 18:00:00+00:00,108016.22898110433
2024-11-06 19:00:00+00:00,108463.15077309593
2024-11-06 20:00:00+00:00,108392.67298729511
2024-11-06 21:00:00+00:00,108886.47569889769
2024-11-06 22:00:00+00:00,109458.63816103013
2024-11-06 23:00:00+00:00,108589.43778056951
2024-11-07 00:00:00+00:00,109184.23781816519
2024-11-07 01:00:00+00:00,109708.02297955236
2024-11-07 02:00:00+00:00,110757.42414316136
2024-11-07 03:00:00+00:00,109386.19621924663
2024-11-07 04:00:00+00:00,109457.08617639123
2024-11-07 05:00:00+00:00,109233.61274569205
2024-11-07 06:00:00+00:00,108511.42270060902
2024-11-07 07:00:00+00:00,108791.57268323319
2024-11-07 08:00:00+00:00,109278.92480711537
2024-11-07 09:00:00+00:00,109179.43999105504
2024-11-07 10:00:00+00:00,109150.6508707206
2024-11-07 11:00:00+00:00,108567.11202479624
2024-11-07 12:00:00+00:00,109377.57086068307
2024-11-07 13:00:00+00:00,107848.91608655779
2024-11-07 14:00:00+00:00,107942.6930256159
2024-11-07 15:00:00+00:00,109135.06265869203
2024-11-07 16:00:00+00:00,109131.78408057797
2024-11-07 17:00:00+00:00,109232.1669701862
2024-11-07 18:00:00+00:00,109204.60918250208
2024-11-07 19:00:00+00:00,109336.70647507906
2024-11-07 20:00:00+00:00,109105.40683117241
2024-11-07 21:00:00+00:00,109390.61687096194
2024-11-07 22:00:00+00:00,108841.50042696684
2024-11-07 23:00:00+00:00,109237.2234968369
2024-11-08 00:00:00+00:00,109252.28069465599
2024-11-08 01:00:00+00:00,109368.54378425343
2024-11-08 02:00:00+00:00,108017.75772618483
2024-11-08 03:00:00+00:00,108698.3658412002
2024-11-08 04:00:00+00:00,108520.45055570456
2024-11-08 05:00:00+00:00,109509.15168614876
2024-11-08 06:00:00+00:00,109047.57255565343
2024-11-08 07:00:00+00:00,108943.90612682389
2024-11-08 08:00:00+00:00,108500.91408791605
2024-11-08 09:00:00+00:00,109254.24560433606
2024-11-08 10:00:00+00:00,109658.64144626501
2024-11-08 11:00:00+00:00,109687.91996840904
2024-11-08 12:00:00+00:00,110355.79080120414
2024-11-08 13:00:00+00:00,110446.90285609108
2024-11-08 14:00:00+00:00,109164.5977222596
2024-11-08 15:00:00+00:00,110015.81440626341
2024-11-08 16:00:00+00:00,108855.26446035263
2024-11-08 17:00:00+00:00,109546.17024247599
2024-11-08 18:00:00+00:00,110410.44996681451
2024-11-08 19:00:00+00:00,110158.66566389333
2024-11-08 20:00:00+00:00,109559.24365619748
2024-11-08 21:00:00+00:00,109807.46401887167
2024-11-08 22:00:00+00:00,110104.27171274224
2024-11-08 23:00:00+00:00,110225.82532506186
2024-11-09 00:00:00+00:00,109545.72394223316
2024-11-09 01:00:00+00:00,109312.46426673185
2024-11-09 02:00:00+00:00,109169.32231345584
2024-11-09 03:00:00+00:00,108544.07357302918
2024-11-09 04:00:00+00:00,108644.08947332959
2024-11-09 05:00:00+00:00,109931.5929369304
2024-11-09 06:00:00+00:00,109722.70048503335
2024-11-09 07:00:00+00:00,109726.56936945891
2024-11-09 08:00:00+00:00,109753.8111529832
2024-11-09 09:00:00+00:00,110022.59474722583
2024-11-09 10:00:00+00:00,110229.69698640848
2024-11-09 11:00:00+00:00,110604.5475968651
2024-11-09 12:00:00+00:00,109768.34153528415
2024-11-09 13:00:00+00:00,110003.65969864206
2024-11-09 14:00:00+00:00,109694.39246012467
2024-11-09 15:00:00+00:00,109800.98792173948
2024-11-09 16:00:00+00:00,109625.29667454335
2024-11-09 17:00:00+00:00,109779.66877359855
2024-11-09 18:00:00+00:00,109989.66662229727
2024-11-09 19:00:00+00:00,110345.00158603732
2024-11-09 20:00:00+00:00,110759.30353269186
2024-11-09 21:00:00+00:00,110731.60766201436
2024-11-09 22:00:00+00:00,112652.8513551911
2024-11-09 23:00:00+00:00,113696.17840994828
2024-11-10 00:00:00+00:00,114135.41831090934
2024-11-10 01:00:00+00:00,114637.45412992957
2024-11-10 02:00:00+00:00,114835.87047903563
2024-11-10 03:00:00+00:00,115821.23528974486
2024-11-10 04:00:00+00:00,117914.87649451551
2024-11-10 05:00:00+00:00,118003.37171612281
2024-11-10 06:00:00+00:00,117598.94305901963
2024-11-10 07:00:00+00:00,118695.64027963659
2024-11-10 08:00:00+00:00,118985.23000312714
2024-11-10 09:00:00+00:00,119665.3559728865
2024-11-10 10:00:00+00:00,119536.89257796679
2024-11-10 11:00:00+00:00,119996.9762003575
2024-11-10 12:00:00+00:00,122057.7034169506
2024-11-10 13:00:00+00:00,121761.66240687168
2024-11-10 14:00:00+00:00,120273.55878224003
2024-11-10 15:00:00+00:00,121108.97508525547
2024-11-10 16:00:00+00:00,122481.64223854075
2024-11-10 17:00:00+00:00,123459.4775413418
2024-11-10 18:00:00+00:00,123367.32043344955
2024-11-10 19:00:00+00:00,121648.58753370355
2024-11-10 20:00:00+00:00,118107.79357817117
2024-11-10 21:00:00+00:00,120139.83662486056
2024-11-10 22:00:00+00:00,121062.87728673253
2024-11-10 23:00:00+00:00,121154.88372170692
2024-11-11 00:00:00+00:00,122365.26573652898
2024-11-11 01:00:00+00:00,123439.83090813037
2024-11-11 02:00:00+00:00,123283.42756555865
2024-11-11 03:00:00+00:00,123007.13735358065
2024-11-11 04:00:00+00:00,122496.88293269751
2024-11-11 05:00:00+00:00,119015.7172093879
2024-11-11 06:00:00+00:00,119306.26711020312
2024-11-11 07:00:00+00:00,119764.88045110906
2024-11-11 08:00:00+00:00,120227.33071921917
2024-11-11 09:00:00+00:00,120572.51259346647
2024-11-11 10:00:00+00:00,121698.87560108147
2024-11-11 11:00:00+00:00,122462.15624475249
2024-11-11 12:00:00+00:00,122466.66518929908
2024-11-11 13:00:00+00:00,120953.0714520611
2024-11-11 14:00:00+00:00,121617.65241358842
2024-11-11 15:00:00+00:00,123809.9322896392
2024-11-11 16:00:00+00:00,124562.16107016894
2024-11-11 17:00:00+00:00,124702.65675413172
2024-11-11 18:00:00+00:00,124919.02337412952
2024-11-11 19:00:00+00:00,123900.7812578675
2024-11-11 20:00:00+00:00,124803.371709353
2024-11-11 21:00:00+00:00,125469.05768590404
2024-11-11 22:00:00+00:00,125425.48977103781
2024-11-11 23:00:00+00:00,128491.4281626727
2024-11-12 00:00:00+00:00,127727.66936232442
2024-11-12 01:00:00+00:00,126362.25462321221
2024-11-12 02:00:00+00:00,125748.39167254546
2024-11-12 03:00:00+00:00,127081.11448774772
2024-11-12 04:00:00+00:00,128486.98463163109
2024-11-12 05:00:00+00:00,129608.51649468238
2024-11-12 06:00:00+00:00,131033.74524983414
2024-11-12 07:00:00+00:00,130957.86453134663
2024-11-12 08:00:00+00:00,133207.06782396423
2024-11-12 09:00:00+00:00,126561.97424013242
2024-11-12 10:00:00+00:00,123280.11881259033
2024-11-12 11:00:00+00:00,124341.73081081988
2024-11-12 12:00:00+00:00,121094.57868226503
2024-11-12 13:00:00+00:00,121051.16601864542
2024-11-12 14:00:00+00:00,123143.91413551001
2024-11-12 15:00:00+00:00,122308.56252018415
2024-11-12 16:00:00+00:00,122212.2872203707
2024-11-12 17:00:00+00:00,122947.43304450129
2024-11-12 18:00:00+00:00,126037.26619240176
2024-11-12 19:00:00+00:00,126204.26183018347
2024-11-12 20:00:00+00:00,126644.07961366663
2024-11-12 21:00:00+00:00,126701.30821363945
2024-11-12 22:00:00+00:00,128336.38506399999
2024-11-12 23:00:00+00:00,127556.54748024515
2024-11-13 00:00:00+00:00,126028.29193585276
2024-11-13 01:00:00+00:00,124984.57625328784
2024-11-13 02:00:00+00:00,123996.67496447335
2024-11-13 03:00:00+00:00,121600.77370976779
2024-11-13 04:00:00+00:00,120908.5179347801
2024-11-13 05:00:00+00:00,119792.94591904819
2024-11-13 06:00:00+00:00,119776.93186868506
2024-11-13 07:00:00+00:00,121435.45166234241
2024-11-13 08:00:00+00:00,121001.60438778915
2024-11-13 09:00:00+00:00,121071.13652958137
2024-11-13 10:00:00+00:00,121607.94151626903
2024-11-13 11:00:00+00:00,122154.93856028329
2024-11-13 12:00:00+00:00,122503.27398016184
2024-11-13 13:00:00+00:00,124756.13250735769
2024-11-13 14:00:00+00:00,127273.70567961666
2024-11-13 15:00:00+00:00,128147.31860973244
2024-11-13 16:00:00+00:00,127974.57924472178
2024-11-13 17:00:00+00:00,127700.58825048893
2024-11-13 18:00:00+00:00,129253.4376121875
2024-11-13 19:00:00+00:00,125817.39850668871
2024-11-13 20:00:00+00:00,125815.46367188342
2024-11-13 21:00:00+00:00,125435.87411453616
2024-11-13 22:00:00+00:00,126539.19357913893
2024-11-13 23:00:00+00:00,127463.36977529411
2024-11-14 00:00:00+00:00,127517.86369575662
2024-11-14 01:00:00+00:00,129155.94463069711
2024-11-14 02:00:00+00:00,128212.31218971142
2024-11-14 03:00:00+00:00,128062.18288680588
2024-11-14 04:00:00+00:00,128428.2122855903
2024-11-14 05:00:00+00:00,129007.8185624757
2024-11-14 06:00:00+00:00,127556.32793827621
2024-11-14 07:00:00+00:00,128313.34743123912
2024-11-14 08:00:00+00:00,128690.1649267463
2024-11-14 09:00:00+00:00,128834.46801977951
2024-11-14 10:00:00+00:00,127720.46939046119
2024-11-14 11:00:00+00:00,127172.57840598287
2024-11-14 12:00:00+00:00,127229.26842712809
2024-11-14 13:00:00+00:00,127254.99241579113
2024-11-14 14:00:00+00:00,125660.03613535152
2024-11-14 15:00:00+00:00,125542.03631544625
2024-11-14 16:00:00+00:00,127999.99704763811
2024-11-14 17:00:00+00:00,129013.2686926284
2024-11-14 18:00:00+00:00,129062.83733064227
2024-11-14 19:00:00+00:00,129729.19833045473
2024-11-14 20:00:00+00:00,128738.73361940909
2024-11-14 21:00:00+00:00,130529.36964246076
2024-11-14 22:00:00+00:00,129205.28445481948
2024-11-14 23:00:00+00:00,127862.66409511439
2024-11-15 00:00:00+00:00,128016.82483953433
2024-11-15 01:00:00+00:00,128497.43971846436
2024-11-15 02:00:00+00:00,128801.22848925486
2024-11-15 03:00:00+00:00,128625.76289951449
2024-11-15 04:00:00+00:00,127860.95646889842
2024-11-15 05:00:00+00:00,128036.50982711295
2024-11-15 06:00:00+00:00,128091.67778934573
2024-11-15 07:00:00+00:00,128009.98696123363
2024-11-15 08:00:00+00:00,128181.20700427066
2024-11-15 09:00:00+00:00,128293.57715426359
2024-11-15 10:00:00+00:00,128367.62066965949
2024-11-15 11:00:00+00:00,128639.67414909617
2024-11-15 12:00:00+00:00,128915.43353052375
2024-11-15 13:00:00+00:00,129098.09169687078
2024-11-15 14:00:00+00:00,129105.65231662597
2024-11-15 15:00:00+00:00,128640.06024462402
2024-11-15 16:00:00+00:00,128862.82748165245
2024-11-15 17:00:00+00:00,128584.51159039089
2024-11-15 18:00:00+00:00,128754.27177249356
2024-11-15 19:00:00+00:00,129286.33502923563
2024-11-15 20:00:00+00:00,128864.10098329355
2024-11-15 21:00:00+00:00,130222.65917137005
2024-11-15 22:00:00+00:00,129828.79720948389
2024-11-15 23:00:00+00:00,130256.68324407631
2024-11-16 00:00:00+00:00,130369.77372646089
2024-11-16 01:00:00+00:00,130571.68659487658
2024-11-16 02:00:00+00:00,131131.50172194978
2024-11-16 03:00:00+00:00,131625.97886854166
2024-11-16 04:00:00+00:00,132913.84111436174
2024-11-16 05:00:00+00:00,134067.7463212277
2024-11-16 06:00:00+00:00,133539.5015500902
2024-11-16 07:00:00+00:00,133909.99243230466
2024-11-16 08:00:00+00:00,135386.5712586557
2024-11-16 09:00:00+00:00,136845.96190717167
2024-11-16 10:00:00+00:00,137900.44426115562
2024-11-16 11:00:00+00:00,135842.770590842
2024-11-16 12:00:00+00:00,136731.90764910137
2024-11-16 13:00:00+00:00,138450.5738541339
2024-11-16 14:00:00+00:00,143229.51241351236
2024-11-16 15:00:00+00:00,137559.8400443138
2024-11-16 16:00:00+00:00,138939.25647115536
2024-11-16 17:00:00+00:00,138538.1648639706
2024-11-16 18:00:00+00:00,141526.55840772646
2024-11-16 19:00:00+00:00,143348.96155029623
2024-11-16 20:00:00+00:00,143826.22094662307
2024-11-16 21:00:00+00:00,145721.7470176493
2024-11-16 22:00:00+00:00,142581.51250504452
2024-11-16 23:00:00+00:00,143610.57999776246
2024-11-17 00:00:00+00:00,143027.29799971607
2024-11-17 01:00:00+00:00,138910.61198015726
2024-11-17 02:00:00+00:00,137952.3396921761
2024-11-17 03:00:00+00:00,138839.6357634772
2024-11-17 04:00:00+00:00,137792.3928477027
2024-11-17 05:00:00+00:00,136939.8454968619
2024-11-17 06:00:00+00:00,139207.73115214537
2024-11-17 07:00:00+00:00,138895.7309956822
2024-11-17 08:00:00+00:00,139638.31032945283
2024-11-17 09:00:00+00:00,139004.97786431407
2024-11-17 10:00:00+00:00,137657.3682553437
2024-11-17 11:00:00+00:00,136574.5072282949
2024-11-17 12:00:00+00:00,138285.1608996127
2024-11-17 13:00:00+00:00,140168.07871683344
2024-11-17 14:00:00+00:00,139589.8993640854
2024-11-17 15:00:00+00:00,138813.95813805432
2024-11-17 16:00:00+00:00,139570.31159594902
2024-11-17 17:00:00+00:00,138635.67842448974
2024-11-17 18:00:00+00:00,137681.85003973584
2024-11-17 19:00:00+00:00,137767.24634385985
2024-11-17 20:00:00+00:00,138259.2228083332
2024-11-17 21:00:00+00:00,137693.05511128512
2024-11-17 22:00:00+00:00,138564.17374028277
2024-11-17 23:00:00+00:00,138713.38873786258
2024-11-18 00:00:00+00:00,139711.68538995145
2024-11-18 01:00:00+00:00,143126.2217284654
2024-11-18 02:00:00+00:00,143674.04874705023
2024-11-18 03:00:00+00:00,144104.67157622796
2024-11-18 04:00:00+00:00,143974.57839084847
2024-11-18 05:00:00+00:00,145114.3431291964
2024-11-18 06:00:00+00:00,145601.38740944612
2024-11-18 07:00:00+00:00,146447.6995390592
2024-11-18 08:00:00+00:00,147621.13808595494
2024-11-18 09:00:00+00:00,145423.8809139894
2024-11-18 10:00:00+00:00,146329.4180104112
2024-11-18 11:00:00+00:00,145597.28482199897
2024-11-18 12:00:00+00:00,145211.06808403606
2024-11-18 13:00:00+00:00,145699.28921998583
2024-11-18 14:00:00+00:00,147311.41100956674
2024-11-18 15:00:00+00:00,148974.01599462994
2024-11-18 16:00:00+00:00,149422.34526241294
2024-11-18 17:00:00+00:00,146992.19799516868
2024-11-18 18:00:00+00:00,146648.59056966845
2024-11-18 19:00:00+00:00,145387.60811978893
2024-11-18 20:00:00+00:00,146221.35711495875
2024-11-18 21:00:00+00:00,146512.87119056776
2024-11-18 22:00:00+00:00,147661.6764498208
2024-11-18 23:00:00+00:00,147963.21313402438
2024-11-19 00:00:00+00:00,148369.01443606318
2024-11-19 01:00:00+00:00,148021.62500972336
2024-11-19 02:00:00+00:00,147997.06131351058
2024-11-19 03:00:00+00:00,148413.29088090573
2024-11-19 04:00:00+00:00,146712.49145563482
2024-11-19 05:00:00+00:00,147408.37190014657
2024-11-19 06:00:00+00:00,147531.39790268062
2024-11-19 07:00:00+00:00,146827.14606947522
2024-11-19 08:00:00+00:00,146349.38602007926
2024-11-19 09:00:00+00:00,146693.0505791476
2024-11-19 10:00:00+00:00,147406.22400957753
2024-11-19 11:00:00+00:00,147706.95543201454
2024-11-19 12:00:00+00:00,147564.04438450607
2024-11-19 13:00:00+00:00,145807.2472156986
2024-11-19 14:00:00+00:00,146380.54549368354
2024-11-19 15:00:00+00:00,147263.54728975464
2024-11-19 16:00:00+00:00,146889.8056779818
2024-11-19 17:00:00+00:00,147310.75171503334
2024-11-19 18:00:00+00:00,147221.73705371737
2024-11-19 19:00:00+00:00,147577.97698754142
2024-11-19 20:00:00+00:00,146755.79817077293
2024-11-19 21:00:00+00:00,146187.77986290987
2024-11-19 22:00:00+00:00,146054.22543720494
2024-11-19 23:00:00+00:00,146136.23347222438
2024-11-20 00:00:00+00:00,145869.2411582251
2024-11-20 01:00:00+00:00,145578.85054178542
2024-11-20 02:00:00+00:00,144746.85090796184
2024-11-20 03:00:00+00:00,144346.84660146316
2024-11-20 04:00:00+00:00,144804.4219384116
2024-11-20 05:00:00+00:00,144969.04201957613
2024-11-20 06:00:00+00:00,145085.74699948577
2024-11-20 07:00:00+00:00,145298.99865070454
2024-11-20 08:00:00+00:00,145678.86538566227
2024-11-20 09:00:00+00:00,146150.86890967825
2024-11-20 10:00:00+00:00,146684.65598397487
2024-11-20 11:00:00+00:00,146645.24795812243
2024-11-20 12:00:00+00:00,146058.52989326903
2024-11-20 13:00:00+00:00,147286.87691085317
2024-11-20 14:00:00+00:00,147471.8105876053
2024-11-20 15:00:00+00:00,147258.97815082938
2024-11-20 16:00:00+00:00,145956.3457629861
2024-11-20 17:00:00+00:00,144482.69340264698
2024-11-20 18:00:00+00:00,144401.09565487457
2024-11-20 19:00:00+00:00,144094.3738516575
2024-11-20 20:00:00+00:00,144850.06204904872
2024-11-20 21:00:00+00:00,145286.58053984592
2024-11-20 22:00:00+00:00,145464.9453481676
2024-11-20 23:00:00+00:00,144741.95450176508
2024-11-21 00:00:00+00:00,145168.5197660179
2024-11-21 01:00:00+00:00,145321.44377618458
2024-11-21 02:00:00+00:00,143907.80806759626
2024-11-21 03:00:00+00:00,144145.92801546777
2024-11-21 04:00:00+00:00,145725.3069559869
2024-11-21 05:00:00+00:00,144982.2722986224
2024-11-21 06:00:00+00:00,144997.38564515568
2024-11-21 07:00:00+00:00,145218.08305944924
2024-11-21 08:00:00+00:00,145198.76173053336
2024-11-21 09:00:00+00:00,144942.8322121322
2024-11-21 10:00:00+00:00,145098.4362388429
2024-11-21 11:00:00+00:00,144945.14044405447
2024-11-21 12:00:00+00:00,145974.7487320057
2024-11-21 13:00:00+00:00,146284.99937436683
2024-11-21 14:00:00+00:00,145882.9927546508
2024-11-21 15:00:00+00:00,144677.63881766872
2024-11-21 16:00:00+00:00,145430.6928089555
2024-11-21 17:00:00+00:00,146201.28711541172
2024-11-21 18:00:00+00:00,147285.94974802318
2024-11-21 19:00:00+00:00,145937.1118811028
2024-11-21 20:00:00+00:00,146281.8452138848
2024-11-21 21:00:00+00:00,146619.63936039497
2024-11-21 22:00:00+00:00,147414.74598149105
2024-11-21 23:00:00+00:00,147760.31925901448
2024-11-22 00:00:00+00:00,147635.7732524674
2024-11-22 01:00:00+00:00,148710.01924777715
2024-11-22 02:00:00+00:00,148818.6763205363
2024-11-22 03:00:00+00:00,150086.38858962132
2024-11-22 04:00:00+00:00,150899.6223687288
2024-11-22 05:00:00+00:00,150768.20641010918
2024-11-22 06:00:00+00:00,150658.9290612576
2024-11-22 07:00:00+00:00,149385.8996414026
2024-11-22 08:00:00+00:00,150493.3727862545
2024-11-22 09:00:00+00:00,150096.6380224301
2024-11-22 10:00:00+00:00,150300.2839409437
2024-11-22 11:00:00+00:00,153155.49930135027
2024-11-22 12:00:00+00:00,154148.95726706064
2024-11-22 13:00:00+00:00,150983.76746916617
2024-11-22 14:00:00+00:00,151998.8380651067
2024-11-22 15:00:00+00:00,152478.81209919695
2024-11-22 16:00:00+00:00,153897.70232309608
2024-11-22 17:00:00+00:00,154072.60445901047
2024-11-22 18:00:00+00:00,153201.1888135685
2024-11-22 19:00:00+00:00,155002.35164776613
2024-11-22 20:00:00+00:00,157399.69507520518
2024-11-22 21:00:00+00:00,156963.33832688717
2024-11-22 22:00:00+00:00,159535.65519049056
2024-11-22 23:00:00+00:00,159618.729918257
2024-11-23 00:00:00+00:00,168687.2091214223
2024-11-23 01:00:00+00:00,173009.5747945889
2024-11-23 02:00:00+00:00,168537.69195735466
2024-11-23 03:00:00+00:00,171074.87861918955
2024-11-23 04:00:00+00:00,168868.1118444155
2024-11-23 05:00:00+00:00,169842.6851919241
2024-11-23 06:00:00+00:00,170319.50650030823
2024-11-23 07:00:00+00:00,170190.7698869778
2024-11-23 08:00:00+00:00,170909.27899540277
2024-11-23 09:00:00+00:00,169453.9846119531
2024-11-23 10:00:00+00:00,169074.6339590798
2024-11-23 11:00:00+00:00,170715.76488676856
2024-11-23 12:00:00+00:00,170956.01765023454
2024-11-23 13:00:00+00:00,171248.16864043288
2024-11-23 14:00:00+00:00,173863.83964645525
2024-11-23 15:00:00+00:00,179774.35755042222
2024-11-23 16:00:00+00:00,176095.61009218986
2024-11-23 17:00:00+00:00,177579.42543166305
2024-11-23 18:00:00+00:00,177963.02769042482
2024-11-23 19:00:00+00:00,176128.00474701833
2024-11-23 20:00:00+00:00,174326.10890487288
2024-11-23 21:00:00+00:00,176493.00395950722
2024-11-23 22:00:00+00:00,176269.1474141442
2024-11-23 23:00:00+00:00,176657.5032855106
2024-11-24 00:00:00+00:00,181688.86699170363
2024-11-24 01:00:00+00:00,180786.71406263195
2024-11-24 02:00:00+00:00,186352.05065957265
2024-11-24 03:00:00+00:00,186847.78103558844
2024-11-24 04:00:00+00:00,184510.1455995757
2024-11-24 05:00:00+00:00,182253.4338746483
2024-11-24 06:00:00+00:00,182280.61022802023
2024-11-24 07:00:00+00:00,184244.20443849385
2024-11-24 08:00:00+00:00,180235.16242611568
2024-11-24 09:00:00+00:00,180806.57554454904
2024-11-24 10:00:00+00:00,180149.25433159643
2024-11-24 11:00:00+00:00,175469.4076044344
2024-11-24 12:00:00+00:00,173259.91251535155
2024-11-24 13:00:00+00:00,175083.7194859045
2024-11-24 14:00:00+00:00,173267.7917611758
2024-11-24 15:00:00+00:00,169799.78112238017
2024-11-24 16:00:00+00:00,173015.00175421068
2024-11-24 17:00:00+00:00,173105.31004636973
2024-11-24 18:00:00+00:00,176012.3971392216
2024-11-24 19:00:00+00:00,175305.96933041784
2024-11-24 20:00:00+00:00,176543.85606266145
2024-11-24 21:00:00+00:00,177496.41864631692
2024-11-24 22:00:00+00:00,178231.80947331578
2024-11-24 23:00:00+00:00,179924.3177269161
2024-11-25 00:00:00+00:00,178481.14977699588
2024-11-25 01:00:00+00:00,177072.86424154174
2024-11-25 02:00:00+00:00,177890.23136616292
2024-11-25 03:00:00+00:00,178092.74913135552
2024-11-25 04:00:00+00:00,178085.68592826347
2024-11-25 05:00:00+00:00,179620.52742001918
2024-11-25 06:00:00+00:00,178124.935840145
2024-11-25 07:00:00+00:00,178572.58781749965
2024-11-25 08:00:00+00:00,178489.0304924308
2024-11-25 09:00:00+00:00,179487.40237954783
2024-11-25 10:00:00+00:00,178166.3594970308
2024-11-25 11:00:00+00:00,177624.82648897334
2024-11-25 12:00:00+00:00,177581.52962753238
2024-11-25 13:00:00+00:00,176312.60256865798
2024-11-25 14:00:00+00:00,174446.75373867003
2024-11-25 15:00:00+00:00,176992.72723804432
2024-11-25 16:00:00+00:00,176220.604199239
2024-11-25 17:00:00+00:00,174818.11990134418
2024-11-25 18:00:00+00:00,174558.01729726617
2024-11-25 19:00:00+00:00,175277.85176249366
2024-11-25 20:00:00+00:00,176448.08436684436
2024-11-25 21:00:00+00:00,175432.15471783374
2024-11-25 22:00:00+00:00,175545.46464642222
2024-11-25 23:00:00+00:00,175092.58940302487
2024-11-26 00:00:00+00:00,175236.58758502628
2024-11-26 01:00:00+00:00,175532.5132510299
2024-11-26 02:00:00+00:00,175400.67015421038
2024-11-26 03:00:00+00:00,175288.0069302424
2024-11-26 04:00:00+00:00,175295.9265749287
2024-11-26 05:00:00+00:00,175541.98569890173
2024-11-26 06:00:00+00:00,175313.71627191853
2024-11-26 07:00:00+00:00,175153.07599319698
2024-11-26 08:00:00+00:00,174786.4678888017
2024-11-26 09:00:00+00:00,174895.98608524163
2024-11-26 10:00:00+00:00,174571.4708222728
2024-11-26 11:00:00+00:00,174727.67958577012
2024-11-26 12:00:00+00:00,174946.92371323088
2024-11-26 13:00:00+00:00,174977.34114377265
2024-11-26 14:00:00+00:00,175297.2760761454
2024-11-26 15:00:00+00:00,175006.65901800402
2024-11-26 16:00:00+00:00,175330.1427507368
2024-11-26 17:00:00+00:00,175456.83790182648
2024-11-26 18:00:00+00:00,175069.9260086171
2024-11-26 19:00:00+00:00,175050.07476029466
2024-11-26 20:00:00+00:00,175404.77718483907
2024-11-26 21:00:00+00:00,175400.587522601
2024-11-26 22:00:00+00:00,175408.6419447684
2024-11-26 23:00:00+00:00,175517.0557934204
2024-11-27 00:00:00+00:00,175195.9695847014
2024-11-27 01:00:00+00:00,175612.2389434163
2024-11-27 02:00:00+00:00,175631.85507861103
2024-11-27 03:00:00+00:00,175564.55342977136
2024-11-27 04:00:00+00:00,175502.20505383651
2024-11-27 05:00:00+00:00,175471.82920590695
2024-11-27 06:00:00+00:00,175452.87549517496
2024-11-27 07:00:00+00:00,175601.65216822847
2024-11-27 08:00:00+00:00,175564.279317361
2024-11-27 09:00:00+00:00,175579.12582350578
2024-11-27 10:00:00+00:00,175644.38468372938
2024-11-27 11:00:00+00:00,175556.622610107
2024-11-27 12:00:00+00:00,175438.96912382313
2024-11-27 13:00:00+00:00,175588.94251717516
2024-11-27 14:00:00+00:00,175603.12931900387
2024-11-27 15:00:00+00:00,175601.86249108615
2024-11-27 16:00:00+00:00,175516.89381783802
2024-11-27 17:00:00+00:00,175561.88494581403
2024-11-27 18:00:00+00:00,175536.7078613414
2024-11-27 19:00:00+00:00,175549.79994526718
2024-11-27 20:00:00+00:00,175567.92744608747
2024-11-27 21:00:00+00:00,175585.04786352886
2024-11-27 22:00:00+00:00,175626.33828206398
2024-11-27 23:00:00+00:00,175366.18991121714
2024-11-28 00:00:00+00:00,174881.73487752405
2024-11-28 01:00:00+00:00,174439.66982461562
2024-11-28 02:00:00+00:00,173727.57807862543
2024-11-28 03:00:00+00:00,173432.0830502176
2024-11-28 04:00:00+00:00,173773.0676183109
2024-11-28 05:00:00+00:00,173276.61890141654
2024-11-28 06:00:00+00:00,173378.96169675514
2024-11-28 07:00:00+00:00,172682.85084283684
2024-11-28 08:00:00+00:00,173860.41896539342
2024-11-28 09:00:00+00:00,173434.3824293013
2024-11-28 10:00:00+00:00,172975.41148990812
2024-11-28 11:00:00+00:00,173010.04228591255
2024-11-28 12:00:00+00:00,172882.66468443756
2024-11-28 13:00:00+00:00,172356.39402031805
2024-11-28 14:00:00+00:00,172199.81811622463
2024-11-28 15:00:00+00:00,171047.01509566203
2024-11-28 16:00:00+00:00,171545.6579401656
2024-11-28 17:00:00+00:00,172031.29521560937
2024-11-28 18:00:00+00:00,173052.93948352977
2024-11-28 19:00:00+00:00,173199.81173275597
2024-11-28 20:00:00+00:00,172613.59370304778
2024-11-28 21:00:00+00:00,174054.97214502998
2024-11-28 22:00:00+00:00,174498.43561918326
2024-11-28 23:00:00+00:00,173403.88742236112
2024-11-29 00:00:00+00:00,171580.67793707384
2024-11-29 01:00:00+00:00,171830.6326183943
2024-11-29 02:00:00+00:00,172204.460498887
2024-11-29 03:00:00+00:00,171979.7885223226
2024-11-29 04:00:00+00:00,172576.30562561937
2024-11-29 05:00:00+00:00,172508.0818727084
2024-11-29 06:00:00+00:00,172554.75244582194
2024-11-29 07:00:00+00:00,171926.71058992826
2024-11-29 08:00:00+00:00,173055.4818754908
2024-11-29 09:00:00+00:00,173633.84386730858
2024-11-29 10:00:00+00:00,173757.6703849967
2024-11-29 11:00:00+00:00,173522.15673444018
2024-11-29 12:00:00+00:00,173450.25020968632
2024-11-29 13:00:00+00:00,173747.5207065083
2024-11-29 14:00:00+00:00,174048.91346799757
2024-11-29 15:00:00+00:00,173351.45733087824
2024-11-29 16:00:00+00:00,173379.94803905924
2024-11-29 17:00:00+00:00,173719.58646717324
2024-11-29 18:00:00+00:00,173673.3138002368
2024-11-29 19:00:00+00:00,173899.39793848264
2024-11-29 20:00:00+00:00,173905.04795450624
2024-11-29 21:00:00+00:00,174541.69390112304
2024-11-29 22:00:00+00:00,174804.74260218057
2024-11-29 23:00:00+00:00,175879.31017052216
2024-11-30 00:00:00+00:00,175207.8239984161
2024-11-30 01:00:00+00:00,175985.2031175262
2024-11-30 02:00:00+00:00,175046.3583584646
2024-11-30 03:00:00+00:00,175363.03437897481
2024-11-30 04:00:00+00:00,175985.7562025139
2024-11-30 05:00:00+00:00,176629.2256138791
2024-11-30 06:00:00+00:00,176429.96825973276
2024-11-30 07:00:00+00:00,177184.68164330002
2024-11-30 08:00:00+00:00,177006.41839139597
2024-11-30 09:00:00+00:00,177632.84975248986
2024-11-30 10:00:00+00:00,176411.29401723272
2024-11-30 11:00:00+00:00,177241.62445224103
2024-11-30 12:00:00+00:00,177213.29340801766
2024-11-30 13:00:00+00:00,178043.5532252341
2024-11-30 14:00:00+00:00,178198.54919721285
2024-11-30 15:00:00+00:00,179489.88420684324
2024-11-30 16:00:00+00:00,180078.9036641387
2024-11-30 17:00:00+00:00,180972.81220221316
2024-11-30 18:00:00+00:00,180751.5407815664
2024-11-30 19:00:00+00:00,181058.00974448002
2024-11-30 20:00:00+00:00,181568.7129898829
2024-11-30 21:00:00+00:00,182123.90706952033
2024-11-30 22:00:00+00:00,182172.20088264366
2024-11-30 23:00:00+00:00,182591.65692282998
2024-12-01 00:00:00+00:00,179916.0417397893
2024-12-01 01:00:00+00:00,180102.01978248174
2024-12-01 02:00:00+00:00,178823.9794459354
2024-12-01 03:00:00+00:00,179842.5097212696
2024-12-01 04:00:00+00:00,180061.6101291849
2024-12-01 05:00:00+00:00,178794.30850515593
2024-12-01 06:00:00+00:00,179256.3588907889
2024-12-01 07:00:00+00:00,179539.48964615504
2024-12-01 08:00:00+00:00,180469.2161738831
2024-12-01 09:00:00+00:00,181042.61560250563
2024-12-01 10:00:00+00:00,181511.13488596946
2024-12-01 11:00:00+00:00,181837.94316721905
2024-12-01 12:00:00+00:00,181296.48872959596
2024-12-01 13:00:00+00:00,181427.86846994236
2024-12-01 14:00:00+00:00,182264.58806261935
2024-12-01 15:00:00+00:00,182180.953577793
2024-12-01 16:00:00+00:00,181501.04966830282
2024-12-01 17:00:00+00:00,181508.98844074114
2024-12-01 18:00:00+00:00,182104.78680835047
2024-12-01 19:00:00+00:00,183414.51861129067
2024-12-01 20:00:00+00:00,183857.06204979567
2024-12-01 21:00:00+00:00,184828.7535954797
2024-12-01 22:00:00+00:00,184928.43647368875
2024-12-01 23:00:00+00:00,185378.81059071928
2024-12-02 00:00:00+00:00,188530.60360313606
2024-12-02 01:00:00+00:00,189290.9100218835
2024-12-02 02:00:00+00:00,189862.7408369442
2024-12-02 03:00:00+00:00,187593.69748853229
2024-12-02 04:00:00+00:00,189301.24629719544
2024-12-02 05:00:00+00:00,191074.9978718767
2024-12-02 06:00:00+00:00,191286.61663040594
2024-12-02 07:00:00+00:00,190626.72693623533
2024-12-02 08:00:00+00:00,186752.67081298088
2024-12-02 09:00:00+00:00,188093.96628402785
2024-12-02 10:00:00+00:00,185336.69861313637
2024-12-02 11:00:00+00:00,186965.70467867487
2024-12-02 12:00:00+00:00,187980.2773785306
2024-12-02 13:00:00+00:00,190767.7471984798
2024-12-02 14:00:00+00:00,192981.31132673175
2024-12-02 15:00:00+00:00,195022.65764128408
2024-12-02 16:00:00+00:00,194198.17066397055
2024-12-02 17:00:00+00:00,193265.37960257678
2024-12-02 18:00:00+00:00,194810.44473207003
2024-12-02 19:00:00+00:00,194964.8361913631
2024-12-02 20:00:00+00:00,194809.1234835789
2024-12-02 21:00:00+00:00,194755.1802317028
2024-12-02 22:00:00+00:00,194814.16654779835
2024-12-02 23:00:00+00:00,194612.40520784797
2024-12-03 00:00:00+00:00,194489.229611988
2024-12-03 01:00:00+00:00,194537.86652254188
2024-12-03 02:00:00+00:00,194717.66636770056
2024-12-03 03:00:00+00:00,194945.83467774905
2024-12-03 04:00:00+00:00,195251.91211975078
2024-12-03 05:00:00+00:00,195421.28648278693
2024-12-03 06:00:00+00:00,194807.64946291735
2024-12-03 07:00:00+00:00,194711.02895827897
2024-12-03 08:00:00+00:00,195258.68244913704
2024-12-03 09:00:00+00:00,195852.90704226357
2024-12-03 10:00:00+00:00,195455.2047216548
2024-12-03 11:00:00+00:00,196102.6101768497
2024-12-03 12:00:00+00:00,195933.74121434876
2024-12-03 13:00:00+00:00,195141.60813342553
2024-12-03 14:00:00+00:00,195240.75314408864
2024-12-03 15:00:00+00:00,195282.27933580254
2024-12-03 16:00:00+00:00,195281.52402187203
2024-12-03 17:00:00+00:00,195435.46520883974
2024-12-03 18:00:00+00:00,195422.83714945297
2024-12-03 19:00:00+00:00,195296.91795885563
2024-12-03 20:00:00+00:00,195504.85817466228
2024-12-03 21:00:00+00:00,195490.83787030852
2024-12-03 22:00:00+00:00,195546.59612054864
2024-12-03 23:00:00+00:00,195465.80883258535
2024-12-04 00:00:00+00:00,195472.18972053344
2024-12-04 01:00:00+00:00,195297.43513555278
2024-12-04 02:00:00+00:00,194331.08809415883
2024-12-04 03:00:00+00:00,195975.2836775042
2024-12-04 04:00:00+00:00,197052.59422065603
2024-12-04 05:00:00+00:00,198696.21826204134
2024-12-04 06:00:00+00:00,198386.2604849705
2024-12-04 07:00:00+00:00,198865.36356481526
2024-12-04 08:00:00+00:00,198876.7338633419
2024-12-04 09:00:00+00:00,199292.66110568395
2024-12-04 10:00:00+00:00,199932.00605817273
2024-12-04 11:00:00+00:00,199312.76639548532
2024-12-04 12:00:00+00:00,197968.51371663707
2024-12-04 13:00:00+00:00,197916.02791925543
2024-12-04 14:00:00+00:00,195656.52033873915
2024-12-04 15:00:00+00:00,195373.1257001437
2024-12-04 16:00:00+00:00,190944.28508566646
2024-12-04 17:00:00+00:00,191202.4993484919
2024-12-04 18:00:00+00:00,192744.94716408092
2024-12-04 19:00:00+00:00,192982.42174589616
2024-12-04 20:00:00+00:00,191554.23963539058
2024-12-04 21:00:00+00:00,191765.03254301124
2024-12-04 22:00:00+00:00,192076.55738334518
2024-12-04 23:00:00+00:00,191627.06102638383
2024-12-05 00:00:00+00:00,190242.2275284459
2024-12-05 01:00:00+00:00,187653.57999064942
2024-12-05 02:00:00+00:00,190004.81638314883
2024-12-05 03:00:00+00:00,188323.73900851584
2024-12-05 04:00:00+00:00,190442.45720663096
2024-12-05 05:00:00+00:00,190323.7847863516
2024-12-05 06:00:00+00:00,192675.19725258165
2024-12-05 07:00:00+00:00,192647.7925306451
2024-12-05 08:00:00+00:00,191909.56110787432
2024-12-05 09:00:00+00:00,191455.45053133846
2024-12-05 10:00:00+00:00,191187.8498508869
2024-12-05 11:00:00+00:00,192486.7728093161
2024-12-05 12:00:00+00:00,190827.75564952582
2024-12-05 13:00:00+00:00,191033.63245615375
2024-12-05 14:00:00+00:00,191599.33871721604
2024-12-05 15:00:00+00:00,193071.7105297821
2024-12-05 16:00:00+00:00,192688.3902371499
2024-12-05 17:00:00+00:00,192817.49563793748
2024-12-05 18:00:00+00:00,192665.18619041253
2024-12-05 19:00:00+00:00,190741.01853071016
2024-12-05 20:00:00+00:00,190855.35298338905
2024-12-05 21:00:00+00:00,191668.03980129666
2024-12-05 22:00:00+00:00,189564.29004891418
2024-12-05 23:00:00+00:00,188411.55762362276
2024-12-06 00:00:00+00:00,191037.54290992103
2024-12-06 01:00:00+00:00,192158.81191088364
2024-12-06 02:00:00+00:00,190825.92860914557
2024-12-06 03:00:00+00:00,191277.0466363745
2024-12-06 04:00:00+00:00,191836.3673598094
2024-12-06 05:00:00+00:00,191821.29652421147
2024-12-06 06:00:00+00:00,191460.5417234048
2024-12-06 07:00:00+00:00,191534.4761238533
2024-12-06 08:00:00+00:00,191198.28406798712
2024-12-06 09:00:00+00:00,190893.1857294417
2024-12-06 10:00:00+00:00,191189.51946328138
2024-12-06 11:00:00+00:00,191140.048430173
2024-12-06 12:00:00+00:00,190784.61897228926
2024-12-06 13:00:00+00:00,191211.33286149724
2024-12-06 14:00:00+00:00,191364.66936285302
2024-12-06 15:00:00+00:00,191117.46343053394
2024-12-06 16:00:00+00:00,191197.43678693016
2024-12-06 17:00:00+00:00,191264.7141403294
2024-12-06 18:00:00+00:00,191286.60943286197
2024-12-06 19:00:00+00:00,191274.8362296751
2024-12-06 20:00:00+00:00,191265.47435070758
2024-12-06 21:00:00+00:00,191286.63508712506
2024-12-06 22:00:00+00:00,191286.72764900915
2024-12-06 23:00:00+00:00,191306.25820654974
2024-12-07 00:00:00+00:00,191340.59866554293
2024-12-07 01:00:00+00:00,191343.14704737058
2024-12-07 02:00:00+00:00,191403.47254492296
2024-12-07 03:00:00+00:00,190993.46365477875
2024-12-07 04:00:00+00:00,190814.532094242
2024-12-07 05:00:00+00:00,190839.22445184458
2024-12-07 06:00:00+00:00,190454.54488832696
2024-12-07 07:00:00+00:00,189830.18822787103
2024-12-07 08:00:00+00:00,189882.6082269141
2024-12-07 09:00:00+00:00,189372.5289997788
2024-12-07 10:00:00+00:00,188672.54914410564
2024-12-07 11:00:00+00:00,189210.47247056288
2024-12-07 12:00:00+00:00,189231.30446330947
2024-12-07 13:00:00+00:00,189434.42464608556
2024-12-07 14:00:00+00:00,189453.22435668373
2024-12-07 15:00:00+00:00,189354.07058301836
2024-12-07 16:00:00+00:00,188989.91977197427
2024-12-07 17:00:00+00:00,188439.36573838178
2024-12-07 18:00:00+00:00,189158.4425272186
2024-12-07 19:00:00+00:00,189398.60106816835
2024-12-07 20:00:00+00:00,189436.3763122315
2024-12-07 21:00:00+00:00,189422.18918884377
2024-12-07 22:00:00+00:00,188930.75547724759
2024-12-07 23:00:00+00:00,189040.98830786877
2024-12-08 00:00:00+00:00,189667.2347991161
2024-12-08 01:00:00+00:00,189504.93404285982
2024-12-08 02:00:00+00:00,189354.6516994827
2024-12-08 03:00:00+00:00,189376.5332592202
2024-12-08 04:00:00+00:00,189042.14266373077
2024-12-08 05:00:00+00:00,188612.31600609748
2024-12-08 06:00:00+00:00,188875.73465538834
2024-12-08 07:00:00+00:00,188895.15420764603
2024-12-08 08:00:00+00:00,187297.8621800436
2024-12-08 09:00:00+00:00,187377.3378471093
2024-12-08 10:00:00+00:00,188727.28112552006
2024-12-08 11:00:00+00:00,189563.74802926555
2024-12-08 12:00:00+00:00,190228.46245594637
2024-12-08 13:00:00+00:00,190194.40356948331
2024-12-08 14:00:00+00:00,188921.71607931028
2024-12-08 15:00:00+00:00,189340.1156968712
2024-12-08 16:00:00+00:00,189238.44508891535
2024-12-08 17:00:00+00:00,189625.50646891881
2024-12-08 18:00:00+00:00,189337.69673360453
2024-12-08 19:00:00+00:00,189421.41468176417
2024-12-08 20:00:00+00:00,189213.117817761
2024-12-08 21:00:00+00:00,189358.96817105348
2024-12-08 22:00:00+00:00,189574.63778156857
2024-12-08 23:00:00+00:00,189597.11587621208
2024-12-09 00:00:00+00:00,189277.24798155867
2024-12-09 01:00:00+00:00,188699.64888705697
2024-12-09 02:00:00+00:00,189020.1150170481
2024-12-09 03:00:00+00:00,188378.65190710232
2024-12-09 04:00:00+00:00,188768.25250027902
2024-12-09 05:00:00+00:00,188517.878486661
2024-12-09 06:00:00+00:00,187383.44109363048
2024-12-09 07:00:00+00:00,187173.80207514548
2024-12-09 08:00:00+00:00,184993.73903530568
2024-12-09 09:00:00+00:00,184855.1236377182
2024-12-09 10:00:00+00:00,185250.25636976358
2024-12-09 11:00:00+00:00,184153.76329603296
2024-12-09 12:00:00+00:00,184499.1489573186
2024-12-09 13:00:00+00:00,184898.85631317965
2024-12-09 14:00:00+00:00,185170.94219533372
2024-12-09 15:00:00+00:00,184870.46461455073
2024-12-09 16:00:00+00:00,184758.35880349673
2024-12-09 17:00:00+00:00,184718.46481661228
2024-12-09 18:00:00+00:00,184742.74985571188
2024-12-09 19:00:00+00:00,184722.29152996236
2024-12-09 20:00:00+00:00,184643.06195093744
2024-12-09 21:00:00+00:00,184266.84355773698
2024-12-09 22:00:00+00:00,184221.92581853518
2024-12-09 23:00:00+00:00,184520.0964935581
2024-12-10 00:00:00+00:00,184575.3305806616
2024-12-10 01:00:00+00:00,184006.8295184069
2024-12-10 02:00:00+00:00,182930.1085112235
2024-12-10 03:00:00+00:00,183239.37159890524
2024-12-10 04:00:00+00:00,183677.8420982336
2024-12-10 05:00:00+00:00,183562.75003132352
2024-12-10 06:00:00+00:00,184434.81904424558
2024-12-10 07:00:00+00:00,184700.14008714788
2024-12-10 08:00:00+00:00,184776.00828702233
2024-12-10 09:00:00+00:00,185031.1737032732
2024-12-10 10:00:00+00:00,185047.46743728223
2024-12-10 11:00:00+00:00,184766.05428551367
2024-12-10 12:00:00+00:00,183848.60341072388
2024-12-10 13:00:00+00:00,184393.3954082089
2024-12-10 14:00:00+00:00,184623.1976257682
2024-12-10 15:00:00+00:00,182572.94312242034
2024-12-10 16:00:00+00:00,183346.85279287185
2024-12-10 17:00:00+00:00,181133.99694479269
2024-12-10 18:00:00+00:00,182588.79039694578
2024-12-10 19:00:00+00:00,182721.21688734012
2024-12-10 20:00:00+00:00,182940.99745125853
2024-12-10 21:00:00+00:00,183060.25094619155
2024-12-10 22:00:00+00:00,183107.05887730914
2024-12-10 23:00:00+00:00,183209.09546708362
2024-12-11 00:00:00+00:00,182310.0654475283
2024-12-11 01:00:00+00:00,181140.4506294468
2024-12-11 02:00:00+00:00,182131.7558348621
2024-12-11 03:00:00+00:00,182010.56579429892
2024-12-11 04:00:00+00:00,181864.85499293468
2024-12-11 05:00:00+00:00,181508.67303404433
2024-12-11 06:00:00+00:00,182523.25194724716
2024-12-11 07:00:00+00:00,181860.80747067457
2024-12-11 08:00:00+00:00,182961.73352542656
2024-12-11 09:00:00+00:00,182548.88625489455
2024-12-11 10:00:00+00:00,183259.90099858856
2024-12-11 11:00:00+00:00,183462.27711159445
2024-12-11 12:00:00+00:00,183115.53937131102
2024-12-11 13:00:00+00:00,184046.46949113812
2024-12-11 14:00:00+00:00,184873.51320628883
2024-12-11 15:00:00+00:00,184896.19142482989
2024-12-11 16:00:00+00:00,184749.53258705002
2024-12-11 17:00:00+00:00,184469.95019340955
2024-12-11 18:00:00+00:00,184631.0529054316
2024-12-11 19:00:00+00:00,184799.3547452209
2024-12-11 20:00:00+00:00,185030.76094221877
2024-12-11 21:00:00+00:00,185149.88201351606
2024-12-11 22:00:00+00:00,185469.68182492442
2024-12-11 23:00:00+00:00,185432.28491568705
2024-12-12 00:00:00+00:00,185483.6893012814
2024-12-12 01:00:00+00:00,186677.17592921935
2024-12-12 02:00:00+00:00,188669.56459899282
2024-12-12 03:00:00+00:00,190327.0977672733
2024-12-12 04:00:00+00:00,189919.25157661882
2024-12-12 05:00:00+00:00,190947.55574248434
2024-12-12 06:00:00+00:00,190663.08999318402
2024-12-12 07:00:00+00:00,190759.6643339963
2024-12-12 08:00:00+00:00,190357.09832628389
2024-12-12 09:00:00+00:00,190024.92426552973
2024-12-12 10:00:00+00:00,191159.99321458215
2024-12-12 11:00:00+00:00,190581.56817803532
2024-12-12 12:00:00+00:00,191929.75377255573
2024-12-12 13:00:00+00:00,191254.1384638538
2024-12-12 14:00:00+00:00,192213.43964611893
2024-12-12 15:00:00+00:00,191059.7544807397
2024-12-12 16:00:00+00:00,191033.8260494479
2024-12-12 17:00:00+00:00,191192.2683422944
2024-12-12 18:00:00+00:00,190644.65449044434
2024-12-12 19:00:00+00:00,189256.52192033207
2024-12-12 20:00:00+00:00,190657.18304484457
2024-12-12 21:00:00+00:00,190523.12099228287
2024-12-12 22:00:00+00:00,190854.79125335914
2024-12-12 23:00:00+00:00,191281.25652628855
2024-12-13 00:00:00+00:00,191305.46664354816
2024-12-13 01:00:00+00:00,191101.65610799968
2024-12-13 02:00:00+00:00,192244.4666043793
2024-12-13 03:00:00+00:00,193064.1543256655
2024-12-13 04:00:00+00:00,192661.50314513152
2024-12-13 05:00:00+00:00,192007.06016344827
2024-12-13 06:00:00+00:00,191142.61972551263
2024-12-13 07:00:00+00:00,191108.1503799474
2024-12-13 08:00:00+00:00,190962.3057469661
2024-12-13 09:00:00+00:00,191054.0639896357
2024-12-13 10:00:00+00:00,191374.99036496415
2024-12-13 11:00:00+00:00,191077.59055705572
2024-12-13 12:00:00+00:00,191062.51793677374
2024-12-13 13:00:00+00:00,190857.70403333247
2024-12-13 14:00:00+00:00,190916.64367571563
2024-12-13 15:00:00+00:00,189469.66930523387
2024-12-13 16:00:00+00:00,189641.36176772707
2024-12-13 17:00:00+00:00,189813.9434437434
2024-12-13 18:00:00+00:00,189210.83327658195
2024-12-13 19:00:00+00:00,190105.10005502624
2024-12-13 20:00:00+00:00,190496.58489508863
2024-12-13 21:00:00+00:00,190445.51438692224
2024-12-13 22:00:00+00:00,191154.8824397209
2024-12-13 23:00:00+00:00,191900.30860818567
2024-12-14 00:00:00+00:00,192735.45166556415
2024-12-14 01:00:00+00:00,193438.6070159786
2024-12-14 02:00:00+00:00,192325.896979107
2024-12-14 03:00:00+00:00,192491.46517992637
2024-12-14 04:00:00+00:00,192671.72715704946
2024-12-14 05:00:00+00:00,192391.11865421297
2024-12-14 06:00:00+00:00,192657.49756943263
2024-12-14 07:00:00+00:00,192708.8351251119
2024-12-14 08:00:00+00:00,192644.23016349744
2024-12-14 09:00:00+00:00,192898.5799778815
2024-12-14 10:00:00+00:00,193011.19271765952
2024-12-14 11:00:00+00:00,192182.13869806667
2024-12-14 12:00:00+00:00,191238.47958912537
2024-12-14 13:00:00+00:00,190092.50229924708
2024-12-14 14:00:00+00:00,191484.216740296
2024-12-14 15:00:00+00:00,191980.85879212455
2024-12-14 16:00:00+00:00,191750.84801976252
2024-12-14 17:00:00+00:00,190549.00005619536
2024-12-14 18:00:00+00:00,189887.9265997376
2024-12-14 19:00:00+00:00,190274.96943267155
2024-12-14 20:00:00+00:00,189280.64799033946
2024-12-14 21:00:00+00:00,190002.6903283701
2024-12-14 22:00:00+00:00,189950.01896219392
2024-12-14 23:00:00+00:00,190015.18727700456
2024-12-15 00:00:00+00:00,189456.8713081811
2024-12-15 01:00:00+00:00,190606.85204927437
2024-12-15 02:00:00+00:00,190156.94822677394
2024-12-15 03:00:00+00:00,189818.9468792411
2024-12-15 04:00:00+00:00,190631.94816112105
2024-12-15 05:00:00+00:00,190578.56258299685
2024-12-15 06:00:00+00:00,189720.11084758985
2024-12-15 07:00:00+00:00,188761.55726456136
2024-12-15 08:00:00+00:00,189292.69105081353
2024-12-15 09:00:00+00:00,189189.85021790344
2024-12-15 10:00:00+00:00,189147.33812206663
2024-12-15 11:00:00+00:00,189341.48812723003
2024-12-15 12:00:00+00:00,189174.6109943185
2024-12-15 13:00:00+00:00,189374.20899058168
2024-12-15 14:00:00+00:00,190779.85003091523
2024-12-15 15:00:00+00:00,190896.63744070058
2024-12-15 16:00:00+00:00,191410.51612458698
2024-12-15 17:00:00+00:00,190909.17866848764
2024-12-15 18:00:00+00:00,190807.6182553877
2024-12-15 19:00:00+00:00,190765.48653518083
2024-12-15 20:00:00+00:00,190232.18684171198
2024-12-15 21:00:00+00:00,189019.93820529268
2024-12-15 22:00:00+00:00,190638.846091703
2024-12-15 23:00:00+00:00,192055.75632108952
2024-12-16 00:00:00+00:00,193347.18752664802
2024-12-16 01:00:00+00:00,193051.0500279937
2024-12-16 02:00:00+00:00,192080.26858014916
2024-12-16 03:00:00+00:00,191636.73142155012
2024-12-16 04:00:00+00:00,191828.69879642228
2024-12-16 05:00:00+00:00,191994.55521926773
2024-12-16 06:00:00+00:00,191704.22680123715
2024-12-16 07:00:00+00:00,192396.19845575735
2024-12-16 08:00:00+00:00,191705.98463492404
2024-12-16 09:00:00+00:00,191313.40846643384
2024-12-16 10:00:00+00:00,191780.43770882697
2024-12-16 11:00:00+00:00,189693.9624033319
2024-12-16 12:00:00+00:00,189461.92896063134
2024-12-16 13:00:00+00:00,189758.50893680606
2024-12-16 14:00:00+00:00,190446.5800327961
2024-12-16 15:00:00+00:00,191676.2157580488
2024-12-16 16:00:00+00:00,191339.0497401253
2024-12-16 17:00:00+00:00,192522.95168533028
2024-12-16 18:00:00+00:00,193468.51298196777
2024-12-16 19:00:00+00:00,192317.42344132063
2024-12-16 20:00:00+00:00,191944.2538828473
2024-12-16 21:00:00+00:00,191253.63566791927
2024-12-16 22:00:00+00:00,190893.7224852716
2024-12-16 23:00:00+00:00,190278.82019748248
2024-12-17 00:00:00+00:00,189032.64725975104
2024-12-17 01:00:00+00:00,189980.16789733007
2024-12-17 02:00:00+00:00,190569.19832520015
2024-12-17 03:00:00+00:00,191080.7029323062
2024-12-17 04:00:00+00:00,189819.47536968492
2024-12-17 05:00:00+00:00,190310.35015973746
2024-12-17 06:00:00+00:00,190003.379780631
2024-12-17 07:00:00+00:00,189850.5921596489
2024-12-17 08:00:00+00:00,190305.34512026716
2024-12-17 09:00:00+00:00,190587.99583809846
2024-12-17 10:00:00+00:00,190522.98276785557
2024-12-17 11:00:00+00:00,190455.35741752738
2024-12-17 12:00:00+00:00,190741.04554772802
2024-12-17 13:00:00+00:00,190674.62984092257
2024-12-17 14:00:00+00:00,190950.86998903105
2024-12-17 15:00:00+00:00,188757.30567409573
2024-12-17 16:00:00+00:00,189288.4750677622
2024-12-17 17:00:00+00:00,189633.46217804687
2024-12-17 18:00:00+00:00,188493.2324320972
2024-12-17 19:00:00+00:00,188441.67260391178
2024-12-17 20:00:00+00:00,188745.44169223012
2024-12-17 21:00:00+00:00,188474.12705672218
2024-12-17 22:00:00+00:00,186733.86293055647
2024-12-17 23:00:00+00:00,187130.07751214993
2024-12-18 00:00:00+00:00,187113.1188228209
2024-12-18 01:00:00+00:00,186560.91462724775
2024-12-18 02:00:00+00:00,187071.91481799845
2024-12-18 03:00:00+00:00,185724.06963195727
2024-12-18 04:00:00+00:00,184759.80290217558
2024-12-18 05:00:00+00:00,184849.72391801327
2024-12-18 06:00:00+00:00,184168.3981662455
2024-12-18 07:00:00+00:00,184728.78541619208
2024-12-18 08:00:00+00:00,184431.14996970724
2024-12-18 09:00:00+00:00,185120.0717982202
2024-12-18 10:00:00+00:00,185910.7742429299
2024-12-18 11:00:00+00:00,186385.03215982765
2024-12-18 12:00:00+00:00,185366.450561516
2024-12-18 13:00:00+00:00,185107.39279465974
2024-12-18 14:00:00+00:00,184545.66520047933
2024-12-18 15:00:00+00:00,184679.32807946153
2024-12-18 16:00:00+00:00,184635.4023637501
2024-12-18 17:00:00+00:00,184776.68778557537
2024-12-18 18:00:00+00:00,185106.6913731806
2024-12-18 19:00:00+00:00,184112.3625686838
2024-12-18 20:00:00+00:00,183518.26544528748
2024-12-18 21:00:00+00:00,183476.62757488445
2024-12-18 22:00:00+00:00,183127.78589003012
2024-12-18 23:00:00+00:00,182450.2649941
2024-12-19 00:00:00+00:00,183376.59867393284
2024-12-19 01:00:00+00:00,182539.40958349366
2024-12-19 02:00:00+00:00,183663.3570212457
2024-12-19 03:00:00+00:00,185293.7342637988
2024-12-19 04:00:00+00:00,184934.33246684322
2024-12-19 05:00:00+00:00,184457.30826361122
2024-12-19 06:00:00+00:00,184094.6391775924
2024-12-19 07:00:00+00:00,184852.6502402624
2024-12-19 08:00:00+00:00,184797.10632618744
2024-12-19 09:00:00+00:00,184075.035443213
2024-12-19 10:00:00+00:00,184208.99429480557
2024-12-19 11:00:00+00:00,184397.88011161762
2024-12-19 12:00:00+00:00,183951.2345617588
2024-12-19 13:00:00+00:00,183055.82830965702
2024-12-19 14:00:00+00:00,182851.01317560693
2024-12-19 15:00:00+00:00,181844.2112132577
2024-12-19 16:00:00+00:00,182187.4163520654
2024-12-19 17:00:00+00:00,181125.22199589002
2024-12-19 18:00:00+00:00,180723.44051460153
2024-12-19 19:00:00+00:00,179559.23901448975
2024-12-19 20:00:00+00:00,179420.83262675648
2024-12-19 21:00:00+00:00,179471.35680366456
2024-12-19 22:00:00+00:00,180018.83072525944
2024-12-19 23:00:00+00:00,179396.97999422325
2024-12-20 00:00:00+00:00,180054.16501217682
2024-12-20 01:00:00+00:00,180435.7435521671
2024-12-20 02:00:00+00:00,180961.11530242529
2024-12-20 03:00:00+00:00,180242.5162392604
2024-12-20 04:00:00+00:00,180041.83990953266
2024-12-20 05:00:00+00:00,179487.76172557264
2024-12-20 06:00:00+00:00,178961.85826014442
2024-12-20 07:00:00+00:00,178198.15504924435
2024-12-20 08:00:00+00:00,177583.79768399475
2024-12-20 09:00:00+00:00,177896.4672864478
2024-12-20 10:00:00+00:00,177445.31462203144
2024-12-20 11:00:00+00:00,176398.07007668188
2024-12-20 12:00:00+00:00,178309.34572890954
2024-12-20 13:00:00+00:00,180073.47579697482
2024-12-20 14:00:00+00:00,179848.6536721693
2024-12-20 15:00:00+00:00,180415.92181031418
2024-12-20 16:00:00+00:00,180565.07869295313
2024-12-20 17:00:00+00:00,181710.33466542338
2024-12-20 18:00:00+00:00,182367.48866430836
2024-12-20 19:00:00+00:00,185696.91316648043
2024-12-20 20:00:00+00:00,184775.49829256983
2024-12-20 21:00:00+00:00,184508.89440937954
2024-12-20 22:00:00+00:00,184883.9384615334
2024-12-20 23:00:00+00:00,184965.63409185418
2024-12-21 00:00:00+00:00,184712.00370394666
2024-12-21 01:00:00+00:00,184597.1578081993
2024-12-21 02:00:00+00:00,185303.95179099997
2024-12-21 03:00:00+00:00,184834.98550454943
2024-12-21 04:00:00+00:00,185050.97298208292
2024-12-21 05:00:00+00:00,185504.2489625555
2024-12-21 06:00:00+00:00,185494.82789622957
2024-12-21 07:00:00+00:00,185426.74859604833
2024-12-21 08:00:00+00:00,185131.0812438773
2024-12-21 09:00:00+00:00,185004.47314282952
2024-12-21 10:00:00+00:00,185310.35197179188
2024-12-21 11:00:00+00:00,185110.19337751745
2024-12-21 12:00:00+00:00,184646.20300411445
2024-12-21 13:00:00+00:00,183951.63218725903
2024-12-21 14:00:00+00:00,183751.64817444846
2024-12-21 15:00:00+00:00,184134.13491999204
2024-12-21 16:00:00+00:00,184042.37818534407
2024-12-21 17:00:00+00:00,184160.7391848972
2024-12-21 18:00:00+00:00,183801.38568323178
2024-12-21 19:00:00+00:00,183748.61686156946
2024-12-21 20:00:00+00:00,184762.5771811496
2024-12-21 21:00:00+00:00,185008.5606951462
2024-12-21 22:00:00+00:00,184798.37015078706
2024-12-21 23:00:00+00:00,185031.44701558465
2024-12-22 00:00:00+00:00,185689.84821314027
2024-12-22 01:00:00+00:00,185449.92318307032
2024-12-22 02:00:00+00:00,185312.2285212333
2024-12-22 03:00:00+00:00,185550.0647553154
2024-12-22 04:00:00+00:00,184348.36588837425
2024-12-22 05:00:00+00:00,183371.98555898454
2024-12-22 06:00:00+00:00,184911.66223225291
2024-12-22 07:00:00+00:00,184047.94117163896
2024-12-22 08:00:00+00:00,184924.17992878356
2024-12-22 09:00:00+00:00,185362.29930735586
2024-12-22 10:00:00+00:00,185837.97177552007
2024-12-22 11:00:00+00:00,186150.914188786
2024-12-22 12:00:00+00:00,187052.18833899187
2024-12-22 13:00:00+00:00,189981.32932716096
2024-12-22 14:00:00+00:00,187114.77682164503
2024-12-22 15:00:00+00:00,189230.26753532272
2024-12-22 16:00:00+00:00,188491.72344001514
2024-12-22 17:00:00+00:00,189017.4666943019
2024-12-22 18:00:00+00:00,189292.8560179759
2024-12-22 19:00:00+00:00,188779.63046021978
2024-12-22 20:00:00+00:00,189117.60826654697
2024-12-22 21:00:00+00:00,187753.17934470755
2024-12-22 22:00:00+00:00,187765.6970412382
2024-12-22 23:00:00+00:00,187740.6616481769
2024-12-23 00:00:00+00:00,186401.26811939874
2024-12-23 01:00:00+00:00,186100.84340266345
2024-12-23 02:00:00+00:00,186401.26811939874
2024-12-23 03:00:00+00:00,188366.54647470877
2024-12-23 04:00:00+00:00,187502.82541409478
2024-12-23 05:00:00+00:00,187214.91839389014
2024-12-23 06:00:00+00:00,187114.77682164503
2024-12-23 07:00:00+00:00,186501.40969164384
2024-12-23 08:00:00+00:00,186401.26811939874
2024-12-23 09:00:00+00:00,186927.0113736855
2024-12-23 10:00:00+00:00,188253.88720593302
2024-12-23 11:00:00+00:00,188294.2624361688
2024-12-23 12:00:00+00:00,190580.86482190658
2024-12-23 13:00:00+00:00,189909.45408812942
2024-12-23 14:00:00+00:00,189863.90540859525
2024-12-23 15:00:00+00:00,189409.50469528345
2024-12-23 16:00:00+00:00,190502.81750686176
2024-12-23 17:00:00+00:00,190546.03983156913
2024-12-23 18:00:00+00:00,189997.95842751616
2024-12-23 19:00:00+00:00,190435.12432361598
2024-12-23 20:00:00+00:00,191006.14249883455
2024-12-23 21:00:00+00:00,191191.26333632544
2024-12-23 22:00:00+00:00,191834.56319377015
2024-12-23 23:00:00+00:00,191766.7831900414
2024-12-24 00:00:00+00:00,192044.5429453225
2024-12-24 01:00:00+00:00,192198.66883133326
2024-12-24 02:00:00+00:00,192040.44366186578
2024-12-24 03:00:00+00:00,192388.2519527659
2024-12-24 04:00:00+00:00,192566.57391313548
2024-12-24 05:00:00+00:00,192460.48789511382
2024-12-24 06:00:00+00:00,192434.16843196395
2024-12-24 07:00:00+00:00,192453.22073962743
2024-12-24 08:00:00+00:00,192235.62542058548
2024-12-24 09:00:00+00:00,191969.04530077073
2024-12-24 10:00:00+00:00,192025.86143281806
2024-12-24 11:00:00+00:00,192264.8799313212
2024-12-24 12:00:00+00:00,192239.05291271105
2024-12-24 13:00:00+00:00,192176.72865318414
2024-12-24 14:00:00+00:00,192260.04575575385
2024-12-24 15:00:00+00:00,192038.9089027165
2024-12-24 16:00:00+00:00,192221.76567355395
2024-12-24 17:00:00+00:00,192240.51395966116
2024-12-24 18:00:00+00:00,192353.85040019278
2024-12-24 19:00:00+00:00,192245.4718041132
2024-12-24 20:00:00+00:00,192116.41284602525
2024-12-24 21:00:00+00:00,192161.26466591025
2024-12-24 22:00:00+00:00,192390.44403942887
2024-12-24 23:00:00+00:00,192455.5907676206
2024-12-25 00:00:00+00:00,192253.64134308873
2024-12-25 01:00:00+00:00,191766.73036217433
2024-12-25 02:00:00+00:00,191323.68457615178
2024-12-25 03:00:00+00:00,192807.1163076989
2024-12-25 04:00:00+00:00,192721.13029277738
2024-12-25 05:00:00+00:00,193682.0403608019
2024-12-25 06:00:00+00:00,193698.29115025865
2024-12-25 07:00:00+00:00,194387.21733366817
2024-12-25 08:00:00+00:00,195809.3107493184
2024-12-25 09:00:00+00:00,195417.39469013008
2024-12-25 10:00:00+00:00,195147.61353868226
2024-12-25 11:00:00+00:00,194872.56398809078
2024-12-25 12:00:00+00:00,193581.83328696864
2024-12-25 13:00:00+00:00,194822.65692869155
2024-12-25 14:00:00+00:00,194233.97273841433
2024-12-25 15:00:00+00:00,192368.9575201188
2024-12-25 16:00:00+00:00,191555.33952829428
2024-12-25 17:00:00+00:00,191203.15828273515
2024-12-25 18:00:00+00:00,191252.6259645424
2024-12-25 19:00:00+00:00,191723.40161437774
2024-12-25 20:00:00+00:00,191110.2914104456
2024-12-25 21:00:00+00:00,190621.57481988674
2024-12-25 22:00:00+00:00,190804.70472824303
2024-12-25 23:00:00+00:00,191190.08420740877
2024-12-26 00:00:00+00:00,190728.84982154417
2024-12-26 01:00:00+00:00,190870.83344033197
2024-12-26 02:00:00+00:00,190817.93067636748
2024-12-26 03:00:00+00:00,190765.2018421897
2024-12-26 04:00:00+00:00,190038.7151009792
2024-12-26 05:00:00+00:00,189994.55387552682
2024-12-26 06:00:00+00:00,189608.06748447136
2024-12-26 07:00:00+00:00,189024.21335094701
2024-12-26 08:00:00+00:00,187093.49325065204
2024-12-26 09:00:00+00:00,186914.55740809106
2024-12-26 10:00:00+00:00,186798.0134805439
2024-12-26 11:00:00+00:00,187115.0258715611
2024-12-26 12:00:00+00:00,186351.19583027784
2024-12-26 13:00:00+00:00,186451.2022782383
2024-12-26 14:00:00+00:00,186080.5835750666
2024-12-26 15:00:00+00:00,186074.8032787948
2024-12-26 16:00:00+00:00,186648.40902872875
2024-12-26 17:00:00+00:00,186083.56290786387
2024-12-26 18:00:00+00:00,186267.361653741
2024-12-26 19:00:00+00:00,186234.17059552405
2024-12-26 20:00:00+00:00,186125.9038327042
2024-12-26 21:00:00+00:00,186248.20249082666
2024-12-26 22:00:00+00:00,186581.47802312177
2024-12-26 23:00:00+00:00,186611.81436871216
2024-12-27 00:00:00+00:00,186955.30202755597
2024-12-27 01:00:00+00:00,186969.81014345595
2024-12-27 02:00:00+00:00,186897.76999499835
2024-12-27 03:00:00+00:00,187114.72088550244
2024-12-27 04:00:00+00:00,187368.44648131914
2024-12-27 05:00:00+00:00,187398.34795487585
2024-12-27 06:00:00+00:00,187394.2509208567
2024-12-27 07:00:00+00:00,187206.1871784003
2024-12-27 08:00:00+00:00,187271.1573009345
2024-12-27 09:00:00+00:00,187355.55434470408
2024-12-27 10:00:00+00:00,187352.89550624855
2024-12-27 11:00:00+00:00,187523.6179055753
2024-12-27 12:00:00+00:00,187537.72714989958
2024-12-27 13:00:00+00:00,187482.21696599803
2024-12-27 14:00:00+00:00,187448.2477891734
2024-12-27 15:00:00+00:00,187251.4824501967
2024-12-27 16:00:00+00:00,187223.48605966318
2024-12-27 17:00:00+00:00,187344.008123859
2024-12-27 18:00:00+00:00,187390.19416912575
2024-12-27 19:00:00+00:00,187325.7025817106
2024-12-27 20:00:00+00:00,187316.09289844288
2024-12-27 21:00:00+00:00,187214.56943837542
2024-12-27 22:00:00+00:00,187193.7201424244
2024-12-27 23:00:00+00:00,187213.54587205194
2024-12-28 00:00:00+00:00,187406.2299090908
2024-12-28 01:00:00+00:00,187343.43778563562
2024-12-28 02:00:00+00:00,187280.32259762517
2024-12-28 03:00:00+00:00,187347.83328837837
2024-12-28 04:00:00+00:00,187332.43603659826
2024-12-28 05:00:00+00:00,187321.91327413687
2024-12-28 06:00:00+00:00,187240.8026241821
2024-12-28 07:00:00+00:00,187232.78770132206
2024-12-28 08:00:00+00:00,187279.3420883146
2024-12-28 09:00:00+00:00,187295.6961638459
2024-12-28 10:00:00+00:00,187309.52998229573
2024-12-28 11:00:00+00:00,187348.02989518645
2024-12-28 12:00:00+00:00,187380.70079380876
2024-12-28 13:00:00+00:00,187381.0498585801
2024-12-28 14:00:00+00:00,187501.06490312103
2024-12-28 15:00:00+00:00,187477.96224201046
2024-12-28 16:00:00+00:00,187558.20758817764
2024-12-28 17:00:00+00:00,187579.02155265363
2024-12-28 18:00:00+00:00,187559.70778470673
2024-12-28 19:00:00+00:00,187600.21171566262
2024-12-28 20:00:00+00:00,187564.67149518753
2024-12-28 21:00:00+00:00,187567.07539734518
2024-12-28 22:00:00+00:00,187558.99493888242
2024-12-28 23:00:00+00:00,187535.89227777184
2024-12-29 00:00:00+00:00,187470.0625246734
2024-12-29 01:00:00+00:00,187395.14352063922
2024-12-29 02:00:00+00:00,187417.9355188195
2024-12-29 03:00:00+00:00,187326.2896616574
2024-12-29 04:00:00+00:00,187302.832684511
2024-12-29 05:00:00+00:00,187167.43921748427
2024-12-29 06:00:00+00:00,187165.0034764415
2024-12-29 07:00:00+00:00,187146.8490646251
2024-12-29 08:00:00+00:00,186958.42463304504
2024-12-29 09:00:00+00:00,187141.02638153313
2024-12-29 10:00:00+00:00,187087.37737153165
2024-12-29 11:00:00+00:00,186907.28973593423
2024-12-29 12:00:00+00:00,186901.7884752443
2024-12-29 13:00:00+00:00,187031.7647870109
2024-12-29 14:00:00+00:00,186307.7584619083
2024-12-29 15:00:00+00:00,186606.88102505053
2024-12-29 16:00:00+00:00,185888.44695857988
2024-12-29 17:00:00+00:00,185954.3876800474
2024-12-29 18:00:00+00:00,185972.57805781282
2024-12-29 19:00:00+00:00,185722.77680771344
2024-12-29 20:00:00+00:00,185375.63327161083
2024-12-29 21:00:00+00:00,184728.82874384112
2024-12-29 22:00:00+00:00,184316.05093119066
2024-12-29 23:00:00+00:00,184469.20362777577
2024-12-30 00:00:00+00:00,184861.95932341955
2024-12-30 01:00:00+00:00,185050.72811362677
2024-12-30 02:00:00+00:00,184944.88211583352
2024-12-30 03:00:00+00:00,184845.4842481454
2024-12-30 04:00:00+00:00,184694.26228638363
2024-12-30 05:00:00+00:00,184768.21615343436
2024-12-30 06:00:00+00:00,184934.52840198093
2024-12-30 07:00:00+00:00,184863.41803721478
2024-12-30 08:00:00+00:00,184902.2626399292
2024-12-30 09:00:00+00:00,184878.93816549546
2024-12-30 10:00:00+00:00,184819.059879712
2024-12-30 11:00:00+00:00,184902.00223758962
2024-12-30 12:00:00+00:00,184893.03923551078
2024-12-30 13:00:00+00:00,184488.74513581398
2024-12-30 14:00:00+00:00,184364.63959027102
2024-12-30 15:00:00+00:00,184364.44529648873
2024-12-30 16:00:00+00:00,184364.82976588648
2024-12-30 17:00:00+00:00,184742.8730527754
2024-12-30 18:00:00+00:00,184820.87045905218
2024-12-30 19:00:00+00:00,184872.96630019968
2024-12-30 20:00:00+00:00,184890.5513942579
2024-12-30 21:00:00+00:00,184557.31386185452
2024-12-30 22:00:00+00:00,185047.96600107662
2024-12-30 23:00:00+00:00,184881.13217799633
2024-12-31 00:00:00+00:00,184699.40718257873
