timestamp,open,high,low,close,volume,quote_volume,pair,binance_symbol,interval,source
2024-05-01 00:00:00+00:00,8.7,8.8,8.61,8.62,190502.32,1660238.277,APT/USD,APTUSDT,1h,binance
2024-05-01 01:00:00+00:00,8.61,8.68,8.56,8.61,154863.39,1334597.742,APT/USD,APTUSDT,1h,binance
2024-05-01 02:00:00+00:00,8.62,8.67,8.49,8.64,158741.63,1362596.6588,APT/USD,APTUSDT,1h,binance
2024-05-01 03:00:00+00:00,8.65,8.65,8.54,8.6,74250.6,637547.4886,APT/USD,APTUSDT,1h,binance
2024-05-01 04:00:00+00:00,8.61,8.67,8.58,8.64,67052.55,577779.7575,APT/USD,APTUSDT,1h,binance
2024-05-01 05:00:00+00:00,8.63,8.66,8.51,8.53,81448.73,697886.2126,APT/USD,APTUSDT,1h,binance
2024-05-01 06:00:00+00:00,8.53,8.57,8.43,8.44,109115.87,926086.3336,APT/USD,APTUSDT,1h,binance
2024-05-01 07:00:00+00:00,8.44,8.45,8.15,8.33,534373.17,4423658.4058,APT/USD,APTUSDT,1h,binance
2024-05-01 08:00:00+00:00,8.32,8.46,8.21,8.4,337288.8,2811426.7107,APT/USD,APTUSDT,1h,binance
2024-05-01 09:00:00+00:00,8.4,8.45,8.34,8.37,154797.77,1298708.0669,APT/USD,APTUSDT,1h,binance
2024-05-01 10:00:00+00:00,8.37,8.44,8.34,8.37,116078.82,972910.9757,APT/USD,APTUSDT,1h,binance
2024-05-01 11:00:00+00:00,8.37,8.46,8.32,8.46,156834.51,1318611.5384,APT/USD,APTUSDT,1h,binance
2024-05-01 12:00:00+00:00,8.46,8.71,8.45,8.68,234991.27,2019083.8606,APT/USD,APTUSDT,1h,binance
2024-05-01 13:00:00+00:00,8.69,8.76,8.6,8.64,167750.42,1455642.6554,APT/USD,APTUSDT,1h,binance
2024-05-01 14:00:00+00:00,8.64,8.72,8.58,8.63,152363.07,1316272.1,APT/USD,APTUSDT,1h,binance
2024-05-01 15:00:00+00:00,8.63,8.7,8.53,8.6,152649.4,1310958.3946,APT/USD,APTUSDT,1h,binance
2024-05-01 16:00:00+00:00,8.6,8.63,8.47,8.47,147412.98,1259694.9181,APT/USD,APTUSDT,1h,binance
2024-05-01 17:00:00+00:00,8.47,8.62,8.43,8.58,172327.37,1464672.7476,APT/USD,APTUSDT,1h,binance
2024-05-01 18:00:00+00:00,8.58,8.91,8.58,8.82,473295.11,4146090.2205,APT/USD,APTUSDT,1h,binance
2024-05-01 19:00:00+00:00,8.82,8.9,8.58,8.66,311161.56,2711192.4613,APT/USD,APTUSDT,1h,binance
2024-05-01 20:00:00+00:00,8.66,8.83,8.61,8.76,130823.54,1141796.7996,APT/USD,APTUSDT,1h,binance
2024-05-01 21:00:00+00:00,8.75,8.78,8.69,8.75,97308.54,850030.3643,APT/USD,APTUSDT,1h,binance
2024-05-01 22:00:00+00:00,8.75,8.91,8.75,8.85,115141.1,1017629.8266,APT/USD,APTUSDT,1h,binance
2024-05-01 23:00:00+00:00,8.86,8.97,8.84,8.94,86379.54,770377.373,APT/USD,APTUSDT,1h,binance
2024-05-02 00:00:00+00:00,8.94,8.94,8.78,8.78,111608.23,987254.496,APT/USD,APTUSDT,1h,binance
2024-05-02 01:00:00+00:00,8.78,8.8,8.58,8.67,131029.07,1137490.305,APT/USD,APTUSDT,1h,binance
2024-05-02 02:00:00+00:00,8.67,8.68,8.5,8.57,245189.64,2105175.4387,APT/USD,APTUSDT,1h,binance
2024-05-02 03:00:00+00:00,8.58,8.66,8.57,8.62,28854.67,248795.0406,APT/USD,APTUSDT,1h,binance
2024-05-02 04:00:00+00:00,8.62,8.68,8.56,8.59,58897.46,508068.8379,APT/USD,APTUSDT,1h,binance
2024-05-02 05:00:00+00:00,8.59,8.6,8.51,8.55,60462.64,516677.3547,APT/USD,APTUSDT,1h,binance
2024-05-02 06:00:00+00:00,8.55,8.6,8.47,8.48,63268.47,539103.1653,APT/USD,APTUSDT,1h,binance
2024-05-02 07:00:00+00:00,8.48,8.61,8.47,8.53,87729.05,749182.6873,APT/USD,APTUSDT,1h,binance
2024-05-02 08:00:00+00:00,8.52,8.69,8.51,8.68,88546.8,761210.8295,APT/USD,APTUSDT,1h,binance
2024-05-02 09:00:00+00:00,8.68,8.75,8.66,8.69,78560.05,683338.6156,APT/USD,APTUSDT,1h,binance
2024-05-02 10:00:00+00:00,8.68,8.75,8.66,8.75,68892.89,599511.1693,APT/USD,APTUSDT,1h,binance
2024-05-02 11:00:00+00:00,8.74,8.9,8.73,8.86,157590.08,1393899.3028,APT/USD,APTUSDT,1h,binance
2024-05-02 12:00:00+00:00,8.86,8.9,8.79,8.79,97630.45,863815.5725,APT/USD,APTUSDT,1h,binance
2024-05-02 13:00:00+00:00,8.79,8.88,8.79,8.83,115272.87,1017509.6318,APT/USD,APTUSDT,1h,binance
2024-05-02 14:00:00+00:00,8.83,8.93,8.79,8.91,189209.2,1678424.716,APT/USD,APTUSDT,1h,binance
2024-05-02 15:00:00+00:00,8.91,8.97,8.89,8.94,117372.69,1049126.1097,APT/USD,APTUSDT,1h,binance
2024-05-02 16:00:00+00:00,8.94,8.94,8.82,8.83,158425.61,1405886.1007,APT/USD,APTUSDT,1h,binance
2024-05-02 17:00:00+00:00,8.83,8.89,8.81,8.86,86922.93,768981.3656,APT/USD,APTUSDT,1h,binance
2024-05-02 18:00:00+00:00,8.86,8.91,8.78,8.84,127835.53,1131507.5284,APT/USD,APTUSDT,1h,binance
2024-05-02 19:00:00+00:00,8.84,8.86,8.81,8.85,53649.18,473937.4792,APT/USD,APTUSDT,1h,binance
2024-05-02 20:00:00+00:00,8.86,8.88,8.76,8.82,78749.94,694654.0353,APT/USD,APTUSDT,1h,binance
2024-05-02 21:00:00+00:00,8.82,8.92,8.82,8.88,47053.81,418116.1566,APT/USD,APTUSDT,1h,binance
2024-05-02 22:00:00+00:00,8.88,8.94,8.86,8.9,60107.66,535041.45,APT/USD,APTUSDT,1h,binance
2024-05-02 23:00:00+00:00,8.9,8.92,8.83,8.85,39540.41,351087.3732,APT/USD,APTUSDT,1h,binance
2024-05-03 00:00:00+00:00,8.85,8.92,8.84,8.88,36016.5,319619.4013,APT/USD,APTUSDT,1h,binance
2024-05-03 01:00:00+00:00,8.88,9.11,8.88,9.01,168510.14,1520220.3784,APT/USD,APTUSDT,1h,binance
2024-05-03 02:00:00+00:00,9.01,9.1,8.98,8.99,61575.26,555920.3833,APT/USD,APTUSDT,1h,binance
2024-05-03 03:00:00+00:00,9.0,9.07,8.98,8.99,47544.54,428471.5147,APT/USD,APTUSDT,1h,binance
2024-05-03 04:00:00+00:00,9.0,9.05,8.96,9.0,52949.76,476744.6992,APT/USD,APTUSDT,1h,binance
2024-05-03 05:00:00+00:00,8.99,9.06,8.96,9.0,51117.37,460338.1901,APT/USD,APTUSDT,1h,binance
2024-05-03 06:00:00+00:00,8.99,9.06,8.97,9.0,104323.87,940421.966,APT/USD,APTUSDT,1h,binance
2024-05-03 07:00:00+00:00,9.0,9.04,8.89,8.91,61215.88,548369.3375,APT/USD,APTUSDT,1h,binance
2024-05-03 08:00:00+00:00,8.92,8.96,8.89,8.91,54378.78,485056.3591,APT/USD,APTUSDT,1h,binance
2024-05-03 09:00:00+00:00,8.9,8.92,8.85,8.86,85525.7,760110.5776,APT/USD,APTUSDT,1h,binance
2024-05-03 10:00:00+00:00,8.86,8.88,8.8,8.84,131913.26,1162975.5502,APT/USD,APTUSDT,1h,binance
2024-05-03 11:00:00+00:00,8.84,8.85,8.79,8.82,111154.92,979699.7971,APT/USD,APTUSDT,1h,binance
2024-05-03 12:00:00+00:00,8.81,9.05,8.79,9.03,208990.9,1868716.2905,APT/USD,APTUSDT,1h,binance
2024-05-03 13:00:00+00:00,9.03,9.12,9.01,9.09,225595.09,2045676.9501,APT/USD,APTUSDT,1h,binance
2024-05-03 14:00:00+00:00,9.09,9.13,9.03,9.09,189270.82,1720600.8872,APT/USD,APTUSDT,1h,binance
2024-05-03 15:00:00+00:00,9.09,9.16,9.03,9.13,124213.83,1129640.8779,APT/USD,APTUSDT,1h,binance
2024-05-03 16:00:00+00:00,9.13,9.18,9.08,9.11,147045.05,1343071.916,APT/USD,APTUSDT,1h,binance
2024-05-03 17:00:00+00:00,9.11,9.14,9.09,9.11,48436.69,441525.0557,APT/USD,APTUSDT,1h,binance
2024-05-03 18:00:00+00:00,9.11,9.13,9.0,9.03,307088.3,2778421.2006,APT/USD,APTUSDT,1h,binance
2024-05-03 19:00:00+00:00,9.02,9.04,8.96,8.99,265143.88,2382255.6156,APT/USD,APTUSDT,1h,binance
2024-05-03 20:00:00+00:00,8.98,9.19,8.98,9.1,278987.11,2544434.2728,APT/USD,APTUSDT,1h,binance
2024-05-03 21:00:00+00:00,9.1,9.12,9.05,9.09,61942.68,563055.8495,APT/USD,APTUSDT,1h,binance
2024-05-03 22:00:00+00:00,9.09,9.11,9.05,9.08,49188.19,446779.4198,APT/USD,APTUSDT,1h,binance
2024-05-03 23:00:00+00:00,9.09,9.13,9.06,9.07,64089.98,582396.7532,APT/USD,APTUSDT,1h,binance
2024-05-04 00:00:00+00:00,9.07,9.18,9.04,9.12,236259.21,2152746.3467,APT/USD,APTUSDT,1h,binance
2024-05-04 01:00:00+00:00,9.12,9.16,9.05,9.06,64833.11,590375.0817,APT/USD,APTUSDT,1h,binance
2024-05-04 02:00:00+00:00,9.06,9.07,8.99,9.03,75776.04,684482.6549,APT/USD,APTUSDT,1h,binance
2024-05-04 03:00:00+00:00,9.03,9.14,9.02,9.07,40732.28,370137.9043,APT/USD,APTUSDT,1h,binance
2024-05-04 04:00:00+00:00,9.07,9.13,9.06,9.12,64080.88,582717.0347,APT/USD,APTUSDT,1h,binance
2024-05-04 05:00:00+00:00,9.12,9.14,9.05,9.14,56771.14,516054.6285,APT/USD,APTUSDT,1h,binance
2024-05-04 06:00:00+00:00,9.14,9.16,9.08,9.08,60173.46,548428.0934,APT/USD,APTUSDT,1h,binance
2024-05-04 07:00:00+00:00,9.09,9.11,9.05,9.07,75322.37,684380.5174,APT/USD,APTUSDT,1h,binance
2024-05-04 08:00:00+00:00,9.08,9.14,9.07,9.13,84479.4,769574.8332,APT/USD,APTUSDT,1h,binance
2024-05-04 09:00:00+00:00,9.13,9.18,9.1,9.14,160395.1,1467491.9967,APT/USD,APTUSDT,1h,binance
2024-05-04 10:00:00+00:00,9.14,9.27,9.13,9.26,155535.87,1428775.2158,APT/USD,APTUSDT,1h,binance
2024-05-04 11:00:00+00:00,9.27,9.31,9.15,9.18,297944.85,2756513.9284,APT/USD,APTUSDT,1h,binance
2024-05-04 12:00:00+00:00,9.17,9.23,9.13,9.17,176472.83,1618343.1849,APT/USD,APTUSDT,1h,binance
2024-05-04 13:00:00+00:00,9.17,9.21,9.05,9.1,141177.44,1286221.7593,APT/USD,APTUSDT,1h,binance
2024-05-04 14:00:00+00:00,9.1,9.14,9.06,9.13,84541.86,769467.2649,APT/USD,APTUSDT,1h,binance
2024-05-04 15:00:00+00:00,9.12,9.15,9.07,9.13,66892.17,609930.0604,APT/USD,APTUSDT,1h,binance
2024-05-04 16:00:00+00:00,9.13,9.16,9.09,9.14,121296.33,1107784.1392,APT/USD,APTUSDT,1h,binance
2024-05-04 17:00:00+00:00,9.14,9.14,9.05,9.12,58943.2,536637.597,APT/USD,APTUSDT,1h,binance
2024-05-04 18:00:00+00:00,9.13,9.15,9.1,9.14,53269.22,486635.5107,APT/USD,APTUSDT,1h,binance
2024-05-04 19:00:00+00:00,9.14,9.19,9.12,9.19,76632.14,701398.0085,APT/USD,APTUSDT,1h,binance
2024-05-04 20:00:00+00:00,9.18,9.24,9.17,9.17,64217.83,591380.2791,APT/USD,APTUSDT,1h,binance
2024-05-04 21:00:00+00:00,9.17,9.22,9.09,9.15,82531.42,755453.6045,APT/USD,APTUSDT,1h,binance
2024-05-04 22:00:00+00:00,9.15,9.16,9.1,9.11,34839.19,317927.6807,APT/USD,APTUSDT,1h,binance
2024-05-04 23:00:00+00:00,9.12,9.15,9.11,9.12,27220.15,248471.4637,APT/USD,APTUSDT,1h,binance
2024-05-05 00:00:00+00:00,9.12,9.16,9.02,9.09,135194.83,1228980.9203,APT/USD,APTUSDT,1h,binance
2024-05-05 01:00:00+00:00,9.09,9.1,8.93,9.02,165363.9,1488245.4348,APT/USD,APTUSDT,1h,binance
2024-05-05 02:00:00+00:00,9.02,9.05,8.99,8.99,45446.88,409668.3444,APT/USD,APTUSDT,1h,binance
2024-05-05 03:00:00+00:00,8.99,9.06,8.96,9.03,39797.69,358442.0624,APT/USD,APTUSDT,1h,binance
2024-05-05 04:00:00+00:00,9.04,9.06,8.99,9.0,30286.56,273234.8147,APT/USD,APTUSDT,1h,binance
2024-05-05 05:00:00+00:00,9.0,9.04,8.96,8.97,64117.1,576365.794,APT/USD,APTUSDT,1h,binance
2024-05-05 06:00:00+00:00,8.97,9.03,8.96,9.01,46035.44,414166.6125,APT/USD,APTUSDT,1h,binance
2024-05-05 07:00:00+00:00,9.01,9.09,9.0,9.05,61066.66,552532.4641,APT/USD,APTUSDT,1h,binance
2024-05-05 08:00:00+00:00,9.05,9.14,9.03,9.1,76143.4,692117.2443,APT/USD,APTUSDT,1h,binance
2024-05-05 09:00:00+00:00,9.09,9.1,9.04,9.07,39816.06,360979.7065,APT/USD,APTUSDT,1h,binance
2024-05-05 10:00:00+00:00,9.07,9.09,9.02,9.05,51099.6,462706.7504,APT/USD,APTUSDT,1h,binance
2024-05-05 11:00:00+00:00,9.05,9.08,9.02,9.07,42049.79,380877.0698,APT/USD,APTUSDT,1h,binance
2024-05-05 12:00:00+00:00,9.07,9.08,9.01,9.04,43184.29,390686.5683,APT/USD,APTUSDT,1h,binance
2024-05-05 13:00:00+00:00,9.04,9.12,9.0,9.08,107337.63,973313.1451,APT/USD,APTUSDT,1h,binance
2024-05-05 14:00:00+00:00,9.08,9.17,9.03,9.14,99700.94,907031.1296,APT/USD,APTUSDT,1h,binance
2024-05-05 15:00:00+00:00,9.15,9.27,9.13,9.23,192567.43,1772438.324,APT/USD,APTUSDT,1h,binance
2024-05-05 16:00:00+00:00,9.24,9.31,9.21,9.23,185217.69,1713946.8954,APT/USD,APTUSDT,1h,binance
2024-05-05 17:00:00+00:00,9.23,9.28,9.22,9.24,52612.3,486664.6523,APT/USD,APTUSDT,1h,binance
2024-05-05 18:00:00+00:00,9.24,9.25,9.15,9.18,73656.3,677291.9933,APT/USD,APTUSDT,1h,binance
2024-05-05 19:00:00+00:00,9.18,9.21,9.17,9.18,46021.33,422857.5315,APT/USD,APTUSDT,1h,binance
2024-05-05 20:00:00+00:00,9.18,9.23,9.14,9.23,67316.51,617945.0402,APT/USD,APTUSDT,1h,binance
2024-05-05 21:00:00+00:00,9.22,9.26,9.19,9.22,51901.28,478707.9233,APT/USD,APTUSDT,1h,binance
2024-05-05 22:00:00+00:00,9.22,9.22,9.16,9.2,23789.53,218615.2357,APT/USD,APTUSDT,1h,binance
2024-05-05 23:00:00+00:00,9.21,9.27,9.2,9.24,60905.49,562338.3195,APT/USD,APTUSDT,1h,binance
2024-05-06 00:00:00+00:00,9.24,9.4,9.23,9.33,111906.43,1042918.2323,APT/USD,APTUSDT,1h,binance
2024-05-06 01:00:00+00:00,9.34,9.44,9.27,9.28,162498.0,1522529.9204,APT/USD,APTUSDT,1h,binance
2024-05-06 02:00:00+00:00,9.28,9.3,9.21,9.22,65214.08,604565.5183,APT/USD,APTUSDT,1h,binance
2024-05-06 03:00:00+00:00,9.21,9.24,9.17,9.22,50347.35,463649.5413,APT/USD,APTUSDT,1h,binance
2024-05-06 04:00:00+00:00,9.22,9.25,9.18,9.25,43654.8,402397.6897,APT/USD,APTUSDT,1h,binance
2024-05-06 05:00:00+00:00,9.25,9.31,9.22,9.29,83188.53,771226.4704,APT/USD,APTUSDT,1h,binance
2024-05-06 06:00:00+00:00,9.29,9.42,9.28,9.37,160684.26,1503236.9591,APT/USD,APTUSDT,1h,binance
2024-05-06 07:00:00+00:00,9.36,9.44,9.34,9.43,106908.02,1005235.5895,APT/USD,APTUSDT,1h,binance
2024-05-06 08:00:00+00:00,9.43,9.58,9.4,9.52,222465.4,2114445.4948,APT/USD,APTUSDT,1h,binance
2024-05-06 09:00:00+00:00,9.52,9.57,9.51,9.54,95501.85,910858.3579,APT/USD,APTUSDT,1h,binance
2024-05-06 10:00:00+00:00,9.54,9.55,9.24,9.31,345664.72,3236208.1984,APT/USD,APTUSDT,1h,binance
2024-05-06 11:00:00+00:00,9.31,9.37,9.28,9.32,118074.16,1102216.9626,APT/USD,APTUSDT,1h,binance
2024-05-06 12:00:00+00:00,9.32,9.34,9.03,9.13,300539.65,2759360.0646,APT/USD,APTUSDT,1h,binance
2024-05-06 13:00:00+00:00,9.14,9.24,9.1,9.19,174951.32,1604609.9172,APT/USD,APTUSDT,1h,binance
2024-05-06 14:00:00+00:00,9.19,9.26,9.05,9.07,199210.06,1827362.4666,APT/USD,APTUSDT,1h,binance
2024-05-06 15:00:00+00:00,9.07,9.21,9.01,9.16,207734.16,1890537.9553,APT/USD,APTUSDT,1h,binance
2024-05-06 16:00:00+00:00,9.15,9.18,9.07,9.08,106424.91,970652.4348,APT/USD,APTUSDT,1h,binance
2024-05-06 17:00:00+00:00,9.08,9.14,9.01,9.07,116168.3,1052761.9481,APT/USD,APTUSDT,1h,binance
2024-05-06 18:00:00+00:00,9.08,9.17,9.02,9.1,155366.37,1415280.5479,APT/USD,APTUSDT,1h,binance
2024-05-06 19:00:00+00:00,9.1,9.1,8.98,9.09,94354.33,852997.3691,APT/USD,APTUSDT,1h,binance
2024-05-06 20:00:00+00:00,9.09,9.14,9.07,9.13,61484.66,560110.2713,APT/USD,APTUSDT,1h,binance
2024-05-06 21:00:00+00:00,9.13,9.15,9.09,9.12,41785.66,381050.5997,APT/USD,APTUSDT,1h,binance
2024-05-06 22:00:00+00:00,9.12,9.13,9.03,9.05,67156.15,608557.7994,APT/USD,APTUSDT,1h,binance
2024-05-06 23:00:00+00:00,9.05,9.05,8.98,9.0,42886.88,386287.2649,APT/USD,APTUSDT,1h,binance
2024-05-07 00:00:00+00:00,9.0,9.05,8.94,9.0,95577.31,859661.2107,APT/USD,APTUSDT,1h,binance
2024-05-07 01:00:00+00:00,9.0,9.09,8.98,9.08,79258.68,716160.633,APT/USD,APTUSDT,1h,binance
2024-05-07 02:00:00+00:00,9.08,9.09,9.01,9.03,75579.21,684216.5107,APT/USD,APTUSDT,1h,binance
2024-05-07 03:00:00+00:00,9.03,9.05,8.85,8.93,175448.8,1566039.6543,APT/USD,APTUSDT,1h,binance
2024-05-07 04:00:00+00:00,8.94,8.98,8.92,8.98,67906.5,608255.1207,APT/USD,APTUSDT,1h,binance
2024-05-07 05:00:00+00:00,8.98,8.98,8.87,8.93,59749.5,533681.7007,APT/USD,APTUSDT,1h,binance
2024-05-07 06:00:00+00:00,8.93,8.95,8.86,8.92,63181.14,562325.5758,APT/USD,APTUSDT,1h,binance
2024-05-07 07:00:00+00:00,8.91,8.97,8.9,8.94,45432.64,406468.8802,APT/USD,APTUSDT,1h,binance
2024-05-07 08:00:00+00:00,8.94,9.12,8.92,9.08,143308.8,1297958.9674,APT/USD,APTUSDT,1h,binance
2024-05-07 09:00:00+00:00,9.08,9.12,9.06,9.06,72437.75,658808.3205,APT/USD,APTUSDT,1h,binance
2024-05-07 10:00:00+00:00,9.07,9.08,9.0,9.06,72835.17,658414.6464,APT/USD,APTUSDT,1h,binance
2024-05-07 11:00:00+00:00,9.06,9.08,8.95,8.96,99399.12,896024.5669,APT/USD,APTUSDT,1h,binance
2024-05-07 12:00:00+00:00,8.96,9.02,8.95,9.01,67371.28,605336.3201,APT/USD,APTUSDT,1h,binance
2024-05-07 13:00:00+00:00,9.01,9.04,8.94,8.97,83713.72,752642.4938,APT/USD,APTUSDT,1h,binance
2024-05-07 14:00:00+00:00,8.97,9.11,8.96,9.11,106764.33,964458.2522,APT/USD,APTUSDT,1h,binance
2024-05-07 15:00:00+00:00,9.11,9.15,9.03,9.04,138913.99,1261594.8154,APT/USD,APTUSDT,1h,binance
2024-05-07 16:00:00+00:00,9.04,9.09,9.01,9.04,43847.21,396732.967,APT/USD,APTUSDT,1h,binance
2024-05-07 17:00:00+00:00,9.05,9.06,9.01,9.04,43285.41,391034.0727,APT/USD,APTUSDT,1h,binance
2024-05-07 18:00:00+00:00,9.04,9.04,8.89,8.96,102703.79,918160.7114,APT/USD,APTUSDT,1h,binance
2024-05-07 19:00:00+00:00,8.96,8.98,8.93,8.95,54723.22,489557.0859,APT/USD,APTUSDT,1h,binance
2024-05-07 20:00:00+00:00,8.94,8.98,8.92,8.94,61807.87,553372.7389,APT/USD,APTUSDT,1h,binance
2024-05-07 21:00:00+00:00,8.94,8.99,8.86,8.92,86082.98,768354.7611,APT/USD,APTUSDT,1h,binance
2024-05-07 22:00:00+00:00,8.91,8.92,8.82,8.86,73797.0,654691.1693,APT/USD,APTUSDT,1h,binance
2024-05-07 23:00:00+00:00,8.86,8.86,8.75,8.77,147244.77,1294638.5454,APT/USD,APTUSDT,1h,binance
2024-05-08 00:00:00+00:00,8.77,8.81,8.63,8.76,189117.9,1649540.0525,APT/USD,APTUSDT,1h,binance
2024-05-08 01:00:00+00:00,8.75,8.79,8.69,8.71,86440.3,755178.3785,APT/USD,APTUSDT,1h,binance
2024-05-08 02:00:00+00:00,8.71,8.78,8.7,8.76,54496.72,476321.2372,APT/USD,APTUSDT,1h,binance
2024-05-08 03:00:00+00:00,8.75,8.79,8.72,8.78,54393.06,476252.319,APT/USD,APTUSDT,1h,binance
2024-05-08 04:00:00+00:00,8.78,8.8,8.65,8.69,70670.86,616271.3774,APT/USD,APTUSDT,1h,binance
2024-05-08 05:00:00+00:00,8.69,8.75,8.61,8.7,146753.38,1272200.8311,APT/USD,APTUSDT,1h,binance
2024-05-08 06:00:00+00:00,8.7,8.73,8.58,8.67,133897.95,1157703.499,APT/USD,APTUSDT,1h,binance
2024-05-08 07:00:00+00:00,8.66,8.7,8.57,8.6,83910.12,723766.2622,APT/USD,APTUSDT,1h,binance
2024-05-08 08:00:00+00:00,8.6,8.67,8.55,8.63,121606.17,1046180.1958,APT/USD,APTUSDT,1h,binance
2024-05-08 09:00:00+00:00,8.63,8.64,8.52,8.61,107251.81,919562.8165,APT/USD,APTUSDT,1h,binance
2024-05-08 10:00:00+00:00,8.61,8.65,8.59,8.63,75534.75,651246.2627,APT/USD,APTUSDT,1h,binance
2024-05-08 11:00:00+00:00,8.62,8.64,8.52,8.55,70643.47,605478.6244,APT/USD,APTUSDT,1h,binance
2024-05-08 12:00:00+00:00,8.55,8.61,8.49,8.55,75987.52,648560.808,APT/USD,APTUSDT,1h,binance
2024-05-08 13:00:00+00:00,8.55,8.7,8.51,8.69,154457.07,1328561.7739,APT/USD,APTUSDT,1h,binance
2024-05-08 14:00:00+00:00,8.69,8.76,8.62,8.7,123548.19,1074209.4342,APT/USD,APTUSDT,1h,binance
2024-05-08 15:00:00+00:00,8.71,8.72,8.59,8.68,119990.3,1038549.7472,APT/USD,APTUSDT,1h,binance
2024-05-08 16:00:00+00:00,8.68,8.7,8.6,8.7,74947.7,649401.189,APT/USD,APTUSDT,1h,binance
2024-05-08 17:00:00+00:00,8.69,8.74,8.66,8.69,63462.48,552192.2907,APT/USD,APTUSDT,1h,binance
2024-05-08 18:00:00+00:00,8.68,8.77,8.67,8.73,42394.24,370334.7793,APT/USD,APTUSDT,1h,binance
2024-05-08 19:00:00+00:00,8.72,8.74,8.62,8.68,61240.13,531132.801,APT/USD,APTUSDT,1h,binance
2024-05-08 20:00:00+00:00,8.68,8.72,8.49,8.54,170937.09,1464179.0766,APT/USD,APTUSDT,1h,binance
2024-05-08 21:00:00+00:00,8.53,8.6,8.49,8.58,65209.96,556879.5309,APT/USD,APTUSDT,1h,binance
2024-05-08 22:00:00+00:00,8.57,8.6,8.51,8.56,63922.23,546559.8764,APT/USD,APTUSDT,1h,binance
2024-05-08 23:00:00+00:00,8.56,8.61,8.54,8.59,57138.12,490108.2671,APT/USD,APTUSDT,1h,binance
2024-05-09 00:00:00+00:00,8.58,8.63,8.55,8.59,47202.57,405303.9186,APT/USD,APTUSDT,1h,binance
2024-05-09 01:00:00+00:00,8.59,8.65,8.58,8.63,56675.08,488244.4183,APT/USD,APTUSDT,1h,binance
2024-05-09 02:00:00+00:00,8.64,8.68,8.61,8.66,29226.29,252653.9964,APT/USD,APTUSDT,1h,binance
2024-05-09 03:00:00+00:00,8.66,8.69,8.61,8.64,44362.03,382977.3612,APT/USD,APTUSDT,1h,binance
2024-05-09 04:00:00+00:00,8.65,8.71,8.63,8.64,39354.34,340799.9954,APT/USD,APTUSDT,1h,binance
2024-05-09 05:00:00+00:00,8.64,8.71,8.64,8.68,36265.98,314912.7386,APT/USD,APTUSDT,1h,binance
2024-05-09 06:00:00+00:00,8.67,8.73,8.66,8.68,49254.38,428763.2296,APT/USD,APTUSDT,1h,binance
2024-05-09 07:00:00+00:00,8.69,8.69,8.56,8.58,103791.8,894669.4683,APT/USD,APTUSDT,1h,binance
2024-05-09 08:00:00+00:00,8.59,8.62,8.54,8.6,76835.03,659759.5148,APT/USD,APTUSDT,1h,binance
2024-05-09 09:00:00+00:00,8.6,8.62,8.5,8.55,94998.31,810967.068,APT/USD,APTUSDT,1h,binance
2024-05-09 10:00:00+00:00,8.55,8.56,8.38,8.4,143289.05,1211435.3579,APT/USD,APTUSDT,1h,binance
2024-05-09 11:00:00+00:00,8.39,8.55,8.38,8.51,88697.92,749876.1132,APT/USD,APTUSDT,1h,binance
2024-05-09 12:00:00+00:00,8.52,8.62,8.51,8.6,121835.21,1045642.3532,APT/USD,APTUSDT,1h,binance
2024-05-09 13:00:00+00:00,8.6,8.61,8.46,8.52,152395.57,1301928.2837,APT/USD,APTUSDT,1h,binance
2024-05-09 14:00:00+00:00,8.52,8.61,8.51,8.59,73476.73,629855.9975,APT/USD,APTUSDT,1h,binance
2024-05-09 15:00:00+00:00,8.6,8.7,8.56,8.66,98788.2,854858.6185,APT/USD,APTUSDT,1h,binance
2024-05-09 16:00:00+00:00,8.67,8.75,8.62,8.64,113635.0,988128.1531,APT/USD,APTUSDT,1h,binance
2024-05-09 17:00:00+00:00,8.63,8.68,8.61,8.64,48491.99,419092.7295,APT/USD,APTUSDT,1h,binance
2024-05-09 18:00:00+00:00,8.64,8.71,8.63,8.7,40634.0,352503.5005,APT/USD,APTUSDT,1h,binance
2024-05-09 19:00:00+00:00,8.7,8.74,8.69,8.74,42749.46,372579.3885,APT/USD,APTUSDT,1h,binance
2024-05-09 20:00:00+00:00,8.74,8.76,8.7,8.73,33852.37,295437.3213,APT/USD,APTUSDT,1h,binance
2024-05-09 21:00:00+00:00,8.72,8.81,8.72,8.75,124819.63,1094697.7665,APT/USD,APTUSDT,1h,binance
2024-05-09 22:00:00+00:00,8.75,8.91,8.74,8.9,117091.5,1036344.0829,APT/USD,APTUSDT,1h,binance
2024-05-09 23:00:00+00:00,8.89,8.91,8.79,8.81,53823.85,475194.7143,APT/USD,APTUSDT,1h,binance
2024-05-10 00:00:00+00:00,8.82,8.83,8.77,8.79,42366.77,372624.6591,APT/USD,APTUSDT,1h,binance
2024-05-10 01:00:00+00:00,8.79,8.84,8.75,8.82,44222.25,389312.8593,APT/USD,APTUSDT,1h,binance
2024-05-10 02:00:00+00:00,8.82,8.84,8.79,8.8,20741.1,182753.1699,APT/USD,APTUSDT,1h,binance
2024-05-10 03:00:00+00:00,8.81,8.81,8.77,8.81,31195.02,274401.3755,APT/USD,APTUSDT,1h,binance
2024-05-10 04:00:00+00:00,8.8,8.86,8.79,8.83,41024.93,362071.7709,APT/USD,APTUSDT,1h,binance
2024-05-10 05:00:00+00:00,8.84,8.85,8.79,8.82,44689.06,393831.3249,APT/USD,APTUSDT,1h,binance
2024-05-10 06:00:00+00:00,8.81,8.9,8.8,8.88,44065.72,390121.1935,APT/USD,APTUSDT,1h,binance
2024-05-10 07:00:00+00:00,8.88,8.9,8.85,8.88,49192.11,436540.9785,APT/USD,APTUSDT,1h,binance
2024-05-10 08:00:00+00:00,8.88,8.89,8.85,8.88,44911.07,398347.392,APT/USD,APTUSDT,1h,binance
2024-05-10 09:00:00+00:00,8.88,8.89,8.84,8.88,33113.2,293343.9979,APT/USD,APTUSDT,1h,binance
2024-05-10 10:00:00+00:00,8.87,8.9,8.84,8.87,50606.84,448953.9087,APT/USD,APTUSDT,1h,binance
2024-05-10 11:00:00+00:00,8.87,8.91,8.82,8.9,57729.58,511702.4937,APT/USD,APTUSDT,1h,binance
2024-05-10 12:00:00+00:00,8.89,8.93,8.81,8.83,61237.96,542815.5277,APT/USD,APTUSDT,1h,binance
2024-05-10 13:00:00+00:00,8.83,8.85,8.77,8.83,85871.29,756810.2359,APT/USD,APTUSDT,1h,binance
2024-05-10 14:00:00+00:00,8.82,8.85,8.45,8.55,340560.2,2930182.7948,APT/USD,APTUSDT,1h,binance
2024-05-10 15:00:00+00:00,8.54,8.6,8.46,8.55,209893.63,1790992.189,APT/USD,APTUSDT,1h,binance
2024-05-10 16:00:00+00:00,8.55,8.59,8.4,8.53,232444.85,1974613.375,APT/USD,APTUSDT,1h,binance
2024-05-10 17:00:00+00:00,8.52,8.55,8.41,8.48,106570.95,901395.1264,APT/USD,APTUSDT,1h,binance
2024-05-10 18:00:00+00:00,8.47,8.53,8.44,8.51,64228.59,544576.3185,APT/USD,APTUSDT,1h,binance
2024-05-10 19:00:00+00:00,8.51,8.54,8.41,8.45,45639.75,386452.7534,APT/USD,APTUSDT,1h,binance
2024-05-10 20:00:00+00:00,8.45,8.48,8.36,8.44,97746.75,822719.8791,APT/USD,APTUSDT,1h,binance
2024-05-10 21:00:00+00:00,8.44,8.48,8.42,8.47,42479.42,358865.8558,APT/USD,APTUSDT,1h,binance
2024-05-10 22:00:00+00:00,8.46,8.48,8.37,8.43,53246.77,448462.0633,APT/USD,APTUSDT,1h,binance
2024-05-10 23:00:00+00:00,8.43,8.48,8.41,8.46,40265.02,340149.8492,APT/USD,APTUSDT,1h,binance
2024-05-11 00:00:00+00:00,8.46,8.52,8.43,8.46,50188.37,425272.2395,APT/USD,APTUSDT,1h,binance
2024-05-11 01:00:00+00:00,8.46,8.57,8.45,8.49,41642.04,354576.0341,APT/USD,APTUSDT,1h,binance
2024-05-11 02:00:00+00:00,8.5,8.51,8.45,8.49,42481.41,360383.7055,APT/USD,APTUSDT,1h,binance
2024-05-11 03:00:00+00:00,8.49,8.5,8.44,8.45,29455.07,249458.9899,APT/USD,APTUSDT,1h,binance
2024-05-11 04:00:00+00:00,8.45,8.47,8.43,8.44,24300.85,205312.9844,APT/USD,APTUSDT,1h,binance
2024-05-11 05:00:00+00:00,8.44,8.48,8.42,8.44,30766.9,259921.4078,APT/USD,APTUSDT,1h,binance
2024-05-11 06:00:00+00:00,8.44,8.49,8.43,8.44,27455.68,232134.3943,APT/USD,APTUSDT,1h,binance
2024-05-11 07:00:00+00:00,8.44,8.49,8.43,8.44,31101.72,262661.1033,APT/USD,APTUSDT,1h,binance
2024-05-11 08:00:00+00:00,8.45,8.46,8.37,8.38,53267.37,447641.9533,APT/USD,APTUSDT,1h,binance
2024-05-11 09:00:00+00:00,8.38,8.42,8.35,8.41,33069.46,277503.9104,APT/USD,APTUSDT,1h,binance
2024-05-11 10:00:00+00:00,8.41,8.42,8.34,8.38,50653.42,424789.7621,APT/USD,APTUSDT,1h,binance
2024-05-11 11:00:00+00:00,8.37,8.4,8.3,8.37,42795.74,357140.7039,APT/USD,APTUSDT,1h,binance
2024-05-11 12:00:00+00:00,8.37,8.43,8.36,8.38,33937.26,284872.5136,APT/USD,APTUSDT,1h,binance
2024-05-11 13:00:00+00:00,8.38,8.45,8.37,8.44,38270.98,321485.9672,APT/USD,APTUSDT,1h,binance
2024-05-11 14:00:00+00:00,8.44,8.45,8.38,8.41,31004.8,260939.7894,APT/USD,APTUSDT,1h,binance
2024-05-11 15:00:00+00:00,8.41,8.52,8.41,8.48,63941.06,541590.7645,APT/USD,APTUSDT,1h,binance
2024-05-11 16:00:00+00:00,8.48,8.51,8.45,8.48,43052.34,365476.3768,APT/USD,APTUSDT,1h,binance
2024-05-11 17:00:00+00:00,8.48,8.5,8.45,8.48,26609.99,225491.5851,APT/USD,APTUSDT,1h,binance
2024-05-11 18:00:00+00:00,8.49,8.51,8.46,8.48,27317.01,231855.2289,APT/USD,APTUSDT,1h,binance
2024-05-11 19:00:00+00:00,8.48,8.5,8.45,8.46,35626.68,301796.8403,APT/USD,APTUSDT,1h,binance
2024-05-11 20:00:00+00:00,8.46,8.48,8.4,8.45,22924.54,193514.1536,APT/USD,APTUSDT,1h,binance
2024-05-11 21:00:00+00:00,8.44,8.46,8.41,8.42,21701.0,182919.3139,APT/USD,APTUSDT,1h,binance
2024-05-11 22:00:00+00:00,8.41,8.43,8.39,8.41,19638.62,165114.4864,APT/USD,APTUSDT,1h,binance
2024-05-11 23:00:00+00:00,8.41,8.42,8.36,8.39,29432.37,247127.617,APT/USD,APTUSDT,1h,binance
2024-05-12 00:00:00+00:00,8.39,8.45,8.38,8.41,25167.63,211688.9346,APT/USD,APTUSDT,1h,binance
2024-05-12 01:00:00+00:00,8.4,8.43,8.37,8.37,30769.31,258516.2868,APT/USD,APTUSDT,1h,binance
2024-05-12 02:00:00+00:00,8.38,8.42,8.37,8.4,15544.24,130365.9788,APT/USD,APTUSDT,1h,binance
2024-05-12 03:00:00+00:00,8.41,8.41,8.38,8.4,16270.95,136599.1739,APT/USD,APTUSDT,1h,binance
2024-05-12 04:00:00+00:00,8.4,8.45,8.39,8.44,21414.95,180283.9866,APT/USD,APTUSDT,1h,binance
2024-05-12 05:00:00+00:00,8.45,8.45,8.41,8.43,7410.67,62459.7751,APT/USD,APTUSDT,1h,binance
2024-05-12 06:00:00+00:00,8.43,8.43,8.4,8.42,18076.08,152126.5753,APT/USD,APTUSDT,1h,binance
2024-05-12 07:00:00+00:00,8.41,8.43,8.32,8.36,45303.51,379318.6667,APT/USD,APTUSDT,1h,binance
2024-05-12 08:00:00+00:00,8.35,8.41,8.33,8.39,38119.31,319085.4579,APT/USD,APTUSDT,1h,binance
2024-05-12 09:00:00+00:00,8.39,8.39,8.35,8.37,16520.39,138214.2074,APT/USD,APTUSDT,1h,binance
2024-05-12 10:00:00+00:00,8.38,8.49,8.37,8.43,51190.43,431813.5216,APT/USD,APTUSDT,1h,binance
2024-05-12 11:00:00+00:00,8.43,8.44,8.41,8.43,23147.47,195006.4122,APT/USD,APTUSDT,1h,binance
2024-05-12 12:00:00+00:00,8.43,8.46,8.4,8.42,38029.58,320426.4961,APT/USD,APTUSDT,1h,binance
2024-05-12 13:00:00+00:00,8.43,8.45,8.41,8.44,22663.53,191023.6063,APT/USD,APTUSDT,1h,binance
2024-05-12 14:00:00+00:00,8.44,8.47,8.42,8.44,33540.46,283328.6116,APT/USD,APTUSDT,1h,binance
2024-05-12 15:00:00+00:00,8.43,8.5,8.42,8.47,42550.21,359974.4841,APT/USD,APTUSDT,1h,binance
2024-05-12 16:00:00+00:00,8.47,8.52,8.44,8.44,58624.61,497255.9733,APT/USD,APTUSDT,1h,binance
2024-05-12 17:00:00+00:00,8.44,8.47,8.4,8.46,54770.62,461730.7989,APT/USD,APTUSDT,1h,binance
2024-05-12 18:00:00+00:00,8.45,8.46,8.4,8.41,29343.12,247250.6968,APT/USD,APTUSDT,1h,binance
2024-05-12 19:00:00+00:00,8.4,8.41,8.37,8.4,22437.55,188370.7801,APT/USD,APTUSDT,1h,binance
2024-05-12 20:00:00+00:00,8.41,8.41,8.37,8.39,26307.56,220656.0187,APT/USD,APTUSDT,1h,binance
2024-05-12 21:00:00+00:00,8.38,8.4,8.31,8.38,64037.32,534779.5424,APT/USD,APTUSDT,1h,binance
2024-05-12 22:00:00+00:00,8.38,8.39,8.36,8.37,22857.33,191339.1478,APT/USD,APTUSDT,1h,binance
2024-05-12 23:00:00+00:00,8.37,8.39,8.34,8.35,28400.73,237405.1716,APT/USD,APTUSDT,1h,binance
2024-05-13 00:00:00+00:00,8.35,8.44,8.35,8.39,37264.31,312762.1258,APT/USD,APTUSDT,1h,binance
2024-05-13 01:00:00+00:00,8.39,8.39,8.18,8.27,126633.24,1046922.7113,APT/USD,APTUSDT,1h,binance
2024-05-13 02:00:00+00:00,8.26,8.28,8.01,8.07,215253.08,1747644.210503,APT/USD,APTUSDT,1h,binance
2024-05-13 03:00:00+00:00,8.07,8.08,7.95,8.06,196024.71,1569563.778523,APT/USD,APTUSDT,1h,binance
2024-05-13 04:00:00+00:00,8.06,8.06,7.91,7.96,87073.59,693997.420287,APT/USD,APTUSDT,1h,binance
2024-05-13 05:00:00+00:00,7.96,8.01,7.91,7.93,109794.73,873035.4804,APT/USD,APTUSDT,1h,binance
2024-05-13 06:00:00+00:00,7.92,8.12,7.92,8.11,75353.07,605402.5384,APT/USD,APTUSDT,1h,binance
2024-05-13 07:00:00+00:00,8.12,8.31,8.1,8.3,102718.92,842229.3936,APT/USD,APTUSDT,1h,binance
2024-05-13 08:00:00+00:00,8.29,8.4,8.29,8.36,160668.83,1342417.291,APT/USD,APTUSDT,1h,binance
2024-05-13 09:00:00+00:00,8.35,8.46,8.35,8.42,75473.78,634796.3019,APT/USD,APTUSDT,1h,binance
2024-05-13 10:00:00+00:00,8.43,8.44,8.28,8.31,79641.41,665330.1785,APT/USD,APTUSDT,1h,binance
2024-05-13 11:00:00+00:00,8.31,8.34,8.23,8.26,89470.99,739503.0274,APT/USD,APTUSDT,1h,binance
2024-05-13 12:00:00+00:00,8.26,8.28,8.19,8.25,97470.73,803124.9374,APT/USD,APTUSDT,1h,binance
2024-05-13 13:00:00+00:00,8.26,8.3,8.2,8.22,80213.28,662115.9773,APT/USD,APTUSDT,1h,binance
2024-05-13 14:00:00+00:00,8.22,8.55,8.21,8.41,672379.69,5672749.6843,APT/USD,APTUSDT,1h,binance
2024-05-13 15:00:00+00:00,8.41,8.51,8.41,8.47,124833.99,1056360.5469,APT/USD,APTUSDT,1h,binance
2024-05-13 16:00:00+00:00,8.46,8.53,8.38,8.49,130089.04,1101649.9951,APT/USD,APTUSDT,1h,binance
2024-05-13 17:00:00+00:00,8.48,8.5,8.27,8.3,127104.74,1062473.3544,APT/USD,APTUSDT,1h,binance
2024-05-13 18:00:00+00:00,8.31,8.31,8.21,8.28,102713.95,848001.9766,APT/USD,APTUSDT,1h,binance
2024-05-13 19:00:00+00:00,8.28,8.37,8.27,8.31,66526.57,553892.8267,APT/USD,APTUSDT,1h,binance
2024-05-13 20:00:00+00:00,8.31,8.31,8.23,8.24,41776.82,345059.0551,APT/USD,APTUSDT,1h,binance
2024-05-13 21:00:00+00:00,8.24,8.28,8.22,8.27,43989.25,362800.3136,APT/USD,APTUSDT,1h,binance
2024-05-13 22:00:00+00:00,8.27,8.29,8.16,8.17,56667.82,464966.7039,APT/USD,APTUSDT,1h,binance
2024-05-13 23:00:00+00:00,8.18,8.22,8.16,8.18,24678.76,202006.1319,APT/USD,APTUSDT,1h,binance
2024-05-14 00:00:00+00:00,8.19,8.24,8.13,8.17,82192.81,672376.4544,APT/USD,APTUSDT,1h,binance
2024-05-14 01:00:00+00:00,8.17,8.22,8.11,8.14,72371.79,590689.8676,APT/USD,APTUSDT,1h,binance
2024-05-14 02:00:00+00:00,8.13,8.15,8.07,8.14,97296.5,788911.1835,APT/USD,APTUSDT,1h,binance
2024-05-14 03:00:00+00:00,8.13,8.19,8.08,8.11,74755.25,608060.1893,APT/USD,APTUSDT,1h,binance
2024-05-14 04:00:00+00:00,8.11,8.16,8.09,8.14,60516.23,491857.6135,APT/USD,APTUSDT,1h,binance
2024-05-14 05:00:00+00:00,8.14,8.24,8.12,8.21,82900.96,679403.252,APT/USD,APTUSDT,1h,binance
2024-05-14 06:00:00+00:00,8.2,8.2,7.95,8.1,251728.44,2025644.2994,APT/USD,APTUSDT,1h,binance
2024-05-14 07:00:00+00:00,8.1,8.16,8.09,8.15,84726.26,688370.0157,APT/USD,APTUSDT,1h,binance
2024-05-14 08:00:00+00:00,8.15,8.16,8.03,8.08,79077.58,639125.1466,APT/USD,APTUSDT,1h,binance
2024-05-14 09:00:00+00:00,8.08,8.12,8.05,8.07,41909.33,338803.1779,APT/USD,APTUSDT,1h,binance
2024-05-14 10:00:00+00:00,8.07,8.08,8.0,8.03,60464.18,485572.378,APT/USD,APTUSDT,1h,binance
2024-05-14 11:00:00+00:00,8.03,8.05,7.99,8.01,77481.35,621792.0037,APT/USD,APTUSDT,1h,binance
2024-05-14 12:00:00+00:00,8.0,8.07,7.93,7.96,203075.4,1621495.4604,APT/USD,APTUSDT,1h,binance
2024-05-14 13:00:00+00:00,7.95,8.03,7.93,7.95,118746.92,946647.5751,APT/USD,APTUSDT,1h,binance
2024-05-14 14:00:00+00:00,7.94,7.98,7.8,7.88,261087.4,2058487.032986,APT/USD,APTUSDT,1h,binance
2024-05-14 15:00:00+00:00,7.88,7.98,7.85,7.93,157655.47,1248393.0505,APT/USD,APTUSDT,1h,binance
2024-05-14 16:00:00+00:00,7.92,7.93,7.84,7.87,133794.74,1053710.434,APT/USD,APTUSDT,1h,binance
2024-05-14 17:00:00+00:00,7.87,7.89,7.7641,7.84,171606.26,1341550.223628,APT/USD,APTUSDT,1h,binance
2024-05-14 18:00:00+00:00,7.83,7.9,7.82,7.88,72089.22,566869.3666,APT/USD,APTUSDT,1h,binance
2024-05-14 19:00:00+00:00,7.88,7.93,7.87,7.9,58903.08,465441.9388,APT/USD,APTUSDT,1h,binance
2024-05-14 20:00:00+00:00,7.89,7.92,7.87,7.88,50943.6,402181.8013,APT/USD,APTUSDT,1h,binance
2024-05-14 21:00:00+00:00,7.88,7.9,7.81,7.83,60827.68,477489.4007,APT/USD,APTUSDT,1h,binance
2024-05-14 22:00:00+00:00,7.83,7.84,7.77,7.82,52697.93,411565.5421,APT/USD,APTUSDT,1h,binance
2024-05-14 23:00:00+00:00,7.81,7.82,7.76,7.8,35696.39,278036.068146,APT/USD,APTUSDT,1h,binance
2024-05-15 00:00:00+00:00,7.8,7.84,7.71,7.75,113935.0,885886.117789,APT/USD,APTUSDT,1h,binance
2024-05-15 01:00:00+00:00,7.75,7.85,7.75,7.83,58801.31,459487.5783,APT/USD,APTUSDT,1h,binance
2024-05-15 02:00:00+00:00,7.83,7.86,7.8,7.86,47807.77,374358.1852,APT/USD,APTUSDT,1h,binance
2024-05-15 03:00:00+00:00,7.85,7.9,7.85,7.9,45865.45,361342.8919,APT/USD,APTUSDT,1h,binance
2024-05-15 04:00:00+00:00,7.89,7.9,7.86,7.89,37398.23,294810.8223,APT/USD,APTUSDT,1h,binance
2024-05-15 05:00:00+00:00,7.89,7.91,7.84,7.86,42462.41,334207.0364,APT/USD,APTUSDT,1h,binance
2024-05-15 06:00:00+00:00,7.86,7.89,7.85,7.89,30036.57,236402.7444,APT/USD,APTUSDT,1h,binance
2024-05-15 07:00:00+00:00,7.89,7.93,7.88,7.92,82076.8,648760.3722,APT/USD,APTUSDT,1h,binance
2024-05-15 08:00:00+00:00,7.91,7.94,7.84,7.87,75446.02,594542.9398,APT/USD,APTUSDT,1h,binance
2024-05-15 09:00:00+00:00,7.87,8.01,7.82,7.98,221800.59,1754937.7028,APT/USD,APTUSDT,1h,binance
2024-05-15 10:00:00+00:00,7.99,8.01,7.92,7.93,103950.4,826719.9608,APT/USD,APTUSDT,1h,binance
2024-05-15 11:00:00+00:00,7.93,7.94,7.82,7.87,95520.49,750983.4519,APT/USD,APTUSDT,1h,binance
2024-05-15 12:00:00+00:00,7.88,8.18,7.84,8.11,476998.11,3845647.8818,APT/USD,APTUSDT,1h,binance
2024-05-15 13:00:00+00:00,8.12,8.32,8.09,8.19,287370.67,2361507.9305,APT/USD,APTUSDT,1h,binance
2024-05-15 14:00:00+00:00,8.18,8.36,8.16,8.32,158587.11,1311419.2899,APT/USD,APTUSDT,1h,binance
2024-05-15 15:00:00+00:00,8.32,8.36,8.27,8.3,151010.66,1255542.4305,APT/USD,APTUSDT,1h,binance
2024-05-15 16:00:00+00:00,8.3,8.39,8.26,8.39,136958.89,1141055.813,APT/USD,APTUSDT,1h,binance
2024-05-15 17:00:00+00:00,8.39,8.44,8.38,8.41,102722.8,864035.0771,APT/USD,APTUSDT,1h,binance
2024-05-15 18:00:00+00:00,8.41,8.48,8.39,8.44,96701.67,815976.882,APT/USD,APTUSDT,1h,binance
2024-05-15 19:00:00+00:00,8.44,8.55,8.39,8.54,112208.77,950938.2731,APT/USD,APTUSDT,1h,binance
2024-05-15 20:00:00+00:00,8.54,8.56,8.49,8.55,104871.12,894997.7902,APT/USD,APTUSDT,1h,binance
2024-05-15 21:00:00+00:00,8.55,8.57,8.46,8.47,55258.6,470079.9566,APT/USD,APTUSDT,1h,binance
2024-05-15 22:00:00+00:00,8.48,8.51,8.46,8.47,56495.23,479267.005,APT/USD,APTUSDT,1h,binance
2024-05-15 23:00:00+00:00,8.48,8.51,8.46,8.49,62631.01,531205.9548,APT/USD,APTUSDT,1h,binance
2024-05-16 00:00:00+00:00,8.49,8.54,8.4,8.43,95577.82,808443.3779,APT/USD,APTUSDT,1h,binance
2024-05-16 01:00:00+00:00,8.43,8.48,8.41,8.48,52765.8,445561.4443,APT/USD,APTUSDT,1h,binance
2024-05-16 02:00:00+00:00,8.47,8.51,8.44,8.47,60128.08,509307.6752,APT/USD,APTUSDT,1h,binance
2024-05-16 03:00:00+00:00,8.48,8.55,8.46,8.54,56629.38,482047.6031,APT/USD,APTUSDT,1h,binance
2024-05-16 04:00:00+00:00,8.54,8.55,8.48,8.5,47114.53,401077.038,APT/USD,APTUSDT,1h,binance
2024-05-16 05:00:00+00:00,8.5,8.54,8.48,8.52,45980.0,391107.7305,APT/USD,APTUSDT,1h,binance
2024-05-16 06:00:00+00:00,8.52,8.56,8.49,8.53,53315.12,454636.3296,APT/USD,APTUSDT,1h,binance
2024-05-16 07:00:00+00:00,8.52,8.59,8.51,8.57,63841.52,545951.6339,APT/USD,APTUSDT,1h,binance
2024-05-16 08:00:00+00:00,8.57,8.59,8.5,8.5,89012.22,760842.0921,APT/USD,APTUSDT,1h,binance
2024-05-16 09:00:00+00:00,8.51,8.55,8.46,8.54,69804.31,593785.8617,APT/USD,APTUSDT,1h,binance
2024-05-16 10:00:00+00:00,8.55,8.55,8.44,8.46,69032.58,585769.411,APT/USD,APTUSDT,1h,binance
2024-05-16 11:00:00+00:00,8.46,8.48,8.43,8.48,58374.04,493942.5832,APT/USD,APTUSDT,1h,binance
2024-05-16 12:00:00+00:00,8.48,8.49,8.34,8.37,205928.19,1729742.2907,APT/USD,APTUSDT,1h,binance
2024-05-16 13:00:00+00:00,8.37,8.39,8.29,8.36,178279.65,1485964.6275,APT/USD,APTUSDT,1h,binance
2024-05-16 14:00:00+00:00,8.36,8.37,8.1,8.12,275980.09,2267253.0301,APT/USD,APTUSDT,1h,binance
2024-05-16 15:00:00+00:00,8.12,8.32,8.09,8.28,149549.01,1224908.2678,APT/USD,APTUSDT,1h,binance
2024-05-16 16:00:00+00:00,8.27,8.32,8.22,8.31,117250.47,969532.3058,APT/USD,APTUSDT,1h,binance
2024-05-16 17:00:00+00:00,8.3,8.35,8.21,8.33,121163.23,1003945.7647,APT/USD,APTUSDT,1h,binance
2024-05-16 18:00:00+00:00,8.32,8.37,8.31,8.33,54954.98,458184.101,APT/USD,APTUSDT,1h,binance
2024-05-16 19:00:00+00:00,8.33,8.36,8.31,8.32,49976.44,416514.6288,APT/USD,APTUSDT,1h,binance
2024-05-16 20:00:00+00:00,8.32,8.34,8.28,8.3,50125.33,416470.0968,APT/USD,APTUSDT,1h,binance
2024-05-16 21:00:00+00:00,8.31,8.35,8.26,8.34,46202.39,383484.4095,APT/USD,APTUSDT,1h,binance
2024-05-16 22:00:00+00:00,8.34,8.35,8.27,8.34,38899.15,323223.0447,APT/USD,APTUSDT,1h,binance
2024-05-16 23:00:00+00:00,8.34,8.4,8.31,8.37,56854.61,475575.6888,APT/USD,APTUSDT,1h,binance
2024-05-17 00:00:00+00:00,8.38,8.4,8.33,8.4,39582.79,331038.1981,APT/USD,APTUSDT,1h,binance
2024-05-17 01:00:00+00:00,8.4,8.4,8.29,8.35,56461.78,470651.6153,APT/USD,APTUSDT,1h,binance
2024-05-17 02:00:00+00:00,8.35,8.36,8.32,8.33,59216.43,493701.6906,APT/USD,APTUSDT,1h,binance
2024-05-17 03:00:00+00:00,8.33,8.35,8.28,8.32,67399.95,561114.7474,APT/USD,APTUSDT,1h,binance
2024-05-17 04:00:00+00:00,8.31,8.34,8.29,8.29,32209.75,267867.4352,APT/USD,APTUSDT,1h,binance
2024-05-17 05:00:00+00:00,8.3,8.32,8.27,8.31,60398.23,501021.4479,APT/USD,APTUSDT,1h,binance
2024-05-17 06:00:00+00:00,8.31,8.42,8.27,8.4,76327.62,635409.126,APT/USD,APTUSDT,1h,binance
2024-05-17 07:00:00+00:00,8.4,8.61,8.4,8.59,287289.11,2455835.8465,APT/USD,APTUSDT,1h,binance
2024-05-17 08:00:00+00:00,8.59,8.62,8.47,8.5,126548.04,1079928.6071,APT/USD,APTUSDT,1h,binance
2024-05-17 09:00:00+00:00,8.5,8.57,8.47,8.55,61810.22,527417.3091,APT/USD,APTUSDT,1h,binance
2024-05-17 10:00:00+00:00,8.54,8.56,8.49,8.55,126143.84,1075949.3525,APT/USD,APTUSDT,1h,binance
2024-05-17 11:00:00+00:00,8.55,8.56,8.49,8.5,70703.9,602149.4621,APT/USD,APTUSDT,1h,binance
2024-05-17 12:00:00+00:00,8.5,8.6,8.42,8.57,193784.87,1649295.4027,APT/USD,APTUSDT,1h,binance
2024-05-17 13:00:00+00:00,8.57,8.59,8.44,8.48,116044.09,988185.4821,APT/USD,APTUSDT,1h,binance
2024-05-17 14:00:00+00:00,8.49,8.55,8.47,8.55,175923.99,1495267.6101,APT/USD,APTUSDT,1h,binance
2024-05-17 15:00:00+00:00,8.54,8.66,8.49,8.65,242971.25,2089652.3729,APT/USD,APTUSDT,1h,binance
2024-05-17 16:00:00+00:00,8.65,8.71,8.59,8.6,201197.63,1742386.9009,APT/USD,APTUSDT,1h,binance
2024-05-17 17:00:00+00:00,8.6,8.64,8.57,8.57,82572.38,710582.5775,APT/USD,APTUSDT,1h,binance
2024-05-17 18:00:00+00:00,8.57,8.59,8.51,8.55,84051.51,717954.8616,APT/USD,APTUSDT,1h,binance
2024-05-17 19:00:00+00:00,8.56,8.58,8.53,8.55,69362.46,593134.9441,APT/USD,APTUSDT,1h,binance
2024-05-17 20:00:00+00:00,8.55,8.6,8.53,8.6,42232.75,362051.2817,APT/USD,APTUSDT,1h,binance
2024-05-17 21:00:00+00:00,8.59,8.61,8.56,8.6,42712.01,366843.2843,APT/USD,APTUSDT,1h,binance
2024-05-17 22:00:00+00:00,8.6,8.64,8.59,8.64,44966.1,387570.2613,APT/USD,APTUSDT,1h,binance
2024-05-17 23:00:00+00:00,8.64,8.64,8.57,8.57,37279.98,320647.6315,APT/USD,APTUSDT,1h,binance
2024-05-18 00:00:00+00:00,8.58,8.59,8.54,8.58,59066.01,506019.2485,APT/USD,APTUSDT,1h,binance
2024-05-18 01:00:00+00:00,8.57,8.61,8.52,8.61,83847.86,718923.1545,APT/USD,APTUSDT,1h,binance
2024-05-18 02:00:00+00:00,8.61,8.64,8.59,8.6,64207.25,552916.9806,APT/USD,APTUSDT,1h,binance
2024-05-18 03:00:00+00:00,8.61,8.68,8.6,8.68,116553.54,1006990.6579,APT/USD,APTUSDT,1h,binance
2024-05-18 04:00:00+00:00,8.67,8.68,8.6,8.63,52939.28,456887.5367,APT/USD,APTUSDT,1h,binance
2024-05-18 05:00:00+00:00,8.63,8.67,8.62,8.64,34838.06,300961.6968,APT/USD,APTUSDT,1h,binance
2024-05-18 06:00:00+00:00,8.63,8.66,8.6,8.65,48987.06,422176.7573,APT/USD,APTUSDT,1h,binance
2024-05-18 07:00:00+00:00,8.65,8.69,8.63,8.63,68459.26,592724.7286,APT/USD,APTUSDT,1h,binance
2024-05-18 08:00:00+00:00,8.63,8.73,8.63,8.69,99552.3,865411.2288,APT/USD,APTUSDT,1h,binance
2024-05-18 09:00:00+00:00,8.69,8.7,8.65,8.66,67503.13,585661.1383,APT/USD,APTUSDT,1h,binance
2024-05-18 10:00:00+00:00,8.66,8.68,8.62,8.66,85518.18,739503.2146,APT/USD,APTUSDT,1h,binance
2024-05-18 11:00:00+00:00,8.65,8.67,8.63,8.63,53616.67,463599.8141,APT/USD,APTUSDT,1h,binance
2024-05-18 12:00:00+00:00,8.64,8.65,8.55,8.56,88922.96,765779.4851,APT/USD,APTUSDT,1h,binance
2024-05-18 13:00:00+00:00,8.56,8.58,8.48,8.49,135548.55,1156873.336,APT/USD,APTUSDT,1h,binance
2024-05-18 14:00:00+00:00,8.5,8.53,8.44,8.5,216817.8,1838367.5835,APT/USD,APTUSDT,1h,binance
2024-05-18 15:00:00+00:00,8.49,8.55,8.48,8.53,83589.07,711381.9045,APT/USD,APTUSDT,1h,binance
2024-05-18 16:00:00+00:00,8.53,8.64,8.53,8.57,76857.02,659318.1832,APT/USD,APTUSDT,1h,binance
2024-05-18 17:00:00+00:00,8.56,8.62,8.56,8.6,57763.9,496522.0229,APT/USD,APTUSDT,1h,binance
2024-05-18 18:00:00+00:00,8.6,8.63,8.59,8.59,45614.12,392418.0264,APT/USD,APTUSDT,1h,binance
2024-05-18 19:00:00+00:00,8.59,8.6,8.57,8.58,42917.1,368549.9909,APT/USD,APTUSDT,1h,binance
2024-05-18 20:00:00+00:00,8.59,8.63,8.56,8.6,78812.91,676488.9865,APT/USD,APTUSDT,1h,binance
2024-05-18 21:00:00+00:00,8.6,8.61,8.54,8.57,62495.87,536186.7795,APT/USD,APTUSDT,1h,binance
2024-05-18 22:00:00+00:00,8.57,8.59,8.55,8.57,38878.33,333130.5243,APT/USD,APTUSDT,1h,binance
2024-05-18 23:00:00+00:00,8.56,8.58,8.55,8.58,38924.61,333385.1643,APT/USD,APTUSDT,1h,binance
2024-05-19 00:00:00+00:00,8.58,8.62,8.53,8.57,82697.2,709729.7176,APT/USD,APTUSDT,1h,binance
2024-05-19 01:00:00+00:00,8.57,8.64,8.57,8.58,45263.3,388995.9739,APT/USD,APTUSDT,1h,binance
2024-05-19 02:00:00+00:00,8.59,8.69,8.57,8.66,81360.79,703805.5817,APT/USD,APTUSDT,1h,binance
2024-05-19 03:00:00+00:00,8.66,8.69,8.61,8.62,52445.63,453609.4633,APT/USD,APTUSDT,1h,binance
2024-05-19 04:00:00+00:00,8.62,8.62,8.55,8.58,60256.27,516669.0378,APT/USD,APTUSDT,1h,binance
2024-05-19 05:00:00+00:00,8.59,8.61,8.56,8.57,32734.34,281104.2656,APT/USD,APTUSDT,1h,binance
2024-05-19 06:00:00+00:00,8.57,8.59,8.51,8.54,66220.98,566447.9608,APT/USD,APTUSDT,1h,binance
2024-05-19 07:00:00+00:00,8.54,8.56,8.5,8.54,45315.62,386638.0359,APT/USD,APTUSDT,1h,binance
2024-05-19 08:00:00+00:00,8.53,8.57,8.49,8.51,58985.42,502920.2192,APT/USD,APTUSDT,1h,binance
2024-05-19 09:00:00+00:00,8.51,8.52,8.46,8.48,109827.28,930640.2107,APT/USD,APTUSDT,1h,binance
2024-05-19 10:00:00+00:00,8.49,8.53,8.46,8.48,109269.52,928203.1968,APT/USD,APTUSDT,1h,binance
2024-05-19 11:00:00+00:00,8.47,8.47,8.37,8.46,161179.93,1358018.9164,APT/USD,APTUSDT,1h,binance
2024-05-19 12:00:00+00:00,8.45,8.45,8.3,8.32,93979.42,786066.1372,APT/USD,APTUSDT,1h,binance
2024-05-19 13:00:00+00:00,8.32,8.35,8.25,8.32,115058.79,954887.257,APT/USD,APTUSDT,1h,binance
2024-05-19 14:00:00+00:00,8.31,8.33,8.25,8.27,76864.78,636891.5962,APT/USD,APTUSDT,1h,binance
2024-05-19 15:00:00+00:00,8.27,8.27,8.2,8.26,121894.61,1003867.5498,APT/USD,APTUSDT,1h,binance
2024-05-19 16:00:00+00:00,8.25,8.25,8.12,8.13,107801.7,882266.0669,APT/USD,APTUSDT,1h,binance
2024-05-19 17:00:00+00:00,8.14,8.21,8.12,8.2,68167.04,556715.9479,APT/USD,APTUSDT,1h,binance
2024-05-19 18:00:00+00:00,8.2,8.23,8.17,8.17,36880.62,302180.6581,APT/USD,APTUSDT,1h,binance
2024-05-19 19:00:00+00:00,8.18,8.24,8.14,8.17,81148.35,664076.7244,APT/USD,APTUSDT,1h,binance
2024-05-19 20:00:00+00:00,8.16,8.2,8.14,8.16,47967.21,391728.1462,APT/USD,APTUSDT,1h,binance
2024-05-19 21:00:00+00:00,8.16,8.18,8.07,8.13,83443.62,677929.7119,APT/USD,APTUSDT,1h,binance
2024-05-19 22:00:00+00:00,8.13,8.15,8.12,8.13,30177.3,245424.3026,APT/USD,APTUSDT,1h,binance
2024-05-19 23:00:00+00:00,8.12,8.14,8.09,8.12,25670.92,208070.5185,APT/USD,APTUSDT,1h,binance
2024-05-20 00:00:00+00:00,8.12,8.16,8.07,8.13,105747.88,858329.5159,APT/USD,APTUSDT,1h,binance
2024-05-20 01:00:00+00:00,8.13,8.16,8.01,8.09,184253.19,1488499.6474,APT/USD,APTUSDT,1h,binance
2024-05-20 02:00:00+00:00,8.09,8.19,8.09,8.18,79065.2,643620.5201,APT/USD,APTUSDT,1h,binance
2024-05-20 03:00:00+00:00,8.17,8.21,8.14,8.15,49723.89,406432.8134,APT/USD,APTUSDT,1h,binance
2024-05-20 04:00:00+00:00,8.14,8.28,8.14,8.27,98627.28,810404.97,APT/USD,APTUSDT,1h,binance
2024-05-20 05:00:00+00:00,8.26,8.41,8.26,8.38,148196.64,1237359.9749,APT/USD,APTUSDT,1h,binance
2024-05-20 06:00:00+00:00,8.38,8.39,8.13,8.18,173876.12,1437841.7029,APT/USD,APTUSDT,1h,binance
2024-05-20 07:00:00+00:00,8.18,8.34,8.16,8.32,134308.15,1110373.1206,APT/USD,APTUSDT,1h,binance
2024-05-20 08:00:00+00:00,8.32,8.41,8.29,8.3,112461.8,938906.2345,APT/USD,APTUSDT,1h,binance
2024-05-20 09:00:00+00:00,8.3,8.33,8.22,8.25,86285.26,713495.355,APT/USD,APTUSDT,1h,binance
2024-05-20 10:00:00+00:00,8.25,8.32,8.22,8.26,85971.8,711274.0622,APT/USD,APTUSDT,1h,binance
2024-05-20 11:00:00+00:00,8.26,8.32,8.25,8.27,74664.44,618709.7062,APT/USD,APTUSDT,1h,binance
2024-05-20 12:00:00+00:00,8.27,8.3,8.21,8.25,65282.77,539216.0947,APT/USD,APTUSDT,1h,binance
2024-05-20 13:00:00+00:00,8.24,8.31,8.23,8.3,63919.52,528497.0711,APT/USD,APTUSDT,1h,binance
2024-05-20 14:00:00+00:00,8.31,8.31,8.25,8.29,69216.84,573505.3004,APT/USD,APTUSDT,1h,binance
2024-05-20 15:00:00+00:00,8.3,8.45,8.27,8.45,176283.93,1479215.7779,APT/USD,APTUSDT,1h,binance
2024-05-20 16:00:00+00:00,8.45,8.65,8.44,8.57,265688.13,2265530.1115,APT/USD,APTUSDT,1h,binance
2024-05-20 17:00:00+00:00,8.57,8.64,8.51,8.63,241264.59,2067029.8108,APT/USD,APTUSDT,1h,binance
2024-05-20 18:00:00+00:00,8.63,8.68,8.58,8.59,127557.81,1100821.8598,APT/USD,APTUSDT,1h,binance
2024-05-20 19:00:00+00:00,8.6,9.03,8.55,9.0,699808.25,6169909.6956,APT/USD,APTUSDT,1h,binance
2024-05-20 20:00:00+00:00,9.01,9.04,8.82,8.94,501978.34,4486740.4335,APT/USD,APTUSDT,1h,binance
2024-05-20 21:00:00+00:00,8.95,9.05,8.87,9.04,228072.72,2040713.7063,APT/USD,APTUSDT,1h,binance
2024-05-20 22:00:00+00:00,9.05,9.07,8.99,9.03,161063.55,1453881.2344,APT/USD,APTUSDT,1h,binance
2024-05-20 23:00:00+00:00,9.02,9.11,8.98,9.11,179902.32,1630218.1468,APT/USD,APTUSDT,1h,binance
2024-05-21 00:00:00+00:00,9.11,9.21,9.06,9.08,352896.63,3223622.2524,APT/USD,APTUSDT,1h,binance
2024-05-21 01:00:00+00:00,9.07,9.07,8.9,9.0,243720.52,2188431.1711,APT/USD,APTUSDT,1h,binance
2024-05-21 02:00:00+00:00,9.0,9.03,8.96,8.98,99584.96,895827.2171,APT/USD,APTUSDT,1h,binance
2024-05-21 03:00:00+00:00,8.98,9.06,8.98,9.0,63516.93,572680.6065,APT/USD,APTUSDT,1h,binance
2024-05-21 04:00:00+00:00,9.01,9.09,8.99,9.0,107889.98,975665.8267,APT/USD,APTUSDT,1h,binance
2024-05-21 05:00:00+00:00,9.0,9.09,8.97,9.07,132600.83,1197479.475,APT/USD,APTUSDT,1h,binance
2024-05-21 06:00:00+00:00,9.08,9.12,9.04,9.05,126019.67,1143522.7407,APT/USD,APTUSDT,1h,binance
2024-05-21 07:00:00+00:00,9.05,9.09,9.01,9.08,125699.06,1137357.517,APT/USD,APTUSDT,1h,binance
2024-05-21 08:00:00+00:00,9.08,9.16,9.06,9.13,176620.41,1607648.9787,APT/USD,APTUSDT,1h,binance
2024-05-21 09:00:00+00:00,9.12,9.2,9.12,9.18,126346.3,1157036.574,APT/USD,APTUSDT,1h,binance
2024-05-21 10:00:00+00:00,9.18,9.32,9.15,9.23,329467.67,3047976.4034,APT/USD,APTUSDT,1h,binance
2024-05-21 11:00:00+00:00,9.23,9.39,9.22,9.31,307129.53,2863150.5312,APT/USD,APTUSDT,1h,binance
2024-05-21 12:00:00+00:00,9.32,9.33,9.22,9.28,348339.41,3229418.8203,APT/USD,APTUSDT,1h,binance
2024-05-21 13:00:00+00:00,9.27,9.42,9.2,9.3,502412.24,4677881.7145,APT/USD,APTUSDT,1h,binance
2024-05-21 14:00:00+00:00,9.3,9.38,9.27,9.28,346727.38,3232307.7143,APT/USD,APTUSDT,1h,binance
2024-05-21 15:00:00+00:00,9.27,9.41,9.2,9.23,291938.07,2720459.6182,APT/USD,APTUSDT,1h,binance
2024-05-21 16:00:00+00:00,9.24,9.44,9.21,9.31,428984.34,4007338.5737,APT/USD,APTUSDT,1h,binance
2024-05-21 17:00:00+00:00,9.31,9.41,9.3,9.32,275924.74,2579281.8257,APT/USD,APTUSDT,1h,binance
2024-05-21 18:00:00+00:00,9.32,9.34,9.2,9.23,217541.55,2017562.3412,APT/USD,APTUSDT,1h,binance
2024-05-21 19:00:00+00:00,9.23,9.24,9.08,9.16,172590.86,1579277.6472,APT/USD,APTUSDT,1h,binance
2024-05-21 20:00:00+00:00,9.15,9.29,9.15,9.28,123600.75,1140866.2389,APT/USD,APTUSDT,1h,binance
2024-05-21 21:00:00+00:00,9.27,9.29,9.17,9.27,96862.94,895237.7165,APT/USD,APTUSDT,1h,binance
2024-05-21 22:00:00+00:00,9.27,9.38,9.27,9.35,112751.52,1049810.8696,APT/USD,APTUSDT,1h,binance
2024-05-21 23:00:00+00:00,9.35,9.36,9.28,9.32,68531.78,638283.9558,APT/USD,APTUSDT,1h,binance
2024-05-22 00:00:00+00:00,9.32,9.37,9.25,9.25,88651.2,825663.238,APT/USD,APTUSDT,1h,binance
2024-05-22 01:00:00+00:00,9.25,9.29,9.22,9.25,101606.62,940486.2442,APT/USD,APTUSDT,1h,binance
2024-05-22 02:00:00+00:00,9.25,9.27,9.18,9.25,109297.1,1008563.6534,APT/USD,APTUSDT,1h,binance
2024-05-22 03:00:00+00:00,9.25,9.26,9.17,9.22,85412.25,786449.902,APT/USD,APTUSDT,1h,binance
2024-05-22 04:00:00+00:00,9.22,9.23,9.02,9.15,200705.43,1828447.984,APT/USD,APTUSDT,1h,binance
2024-05-22 05:00:00+00:00,9.15,9.23,9.11,9.21,128745.08,1181296.1431,APT/USD,APTUSDT,1h,binance
2024-05-22 06:00:00+00:00,9.2,9.26,9.19,9.23,92263.92,851324.8956,APT/USD,APTUSDT,1h,binance
2024-05-22 07:00:00+00:00,9.23,9.27,9.17,9.21,139489.18,1286355.6932,APT/USD,APTUSDT,1h,binance
2024-05-22 08:00:00+00:00,9.21,9.27,9.15,9.21,154075.11,1418381.1672,APT/USD,APTUSDT,1h,binance
2024-05-22 09:00:00+00:00,9.21,9.22,9.11,9.13,99503.92,910631.6186,APT/USD,APTUSDT,1h,binance
2024-05-22 10:00:00+00:00,9.13,9.2,9.11,9.19,69437.45,636297.8472,APT/USD,APTUSDT,1h,binance
2024-05-22 11:00:00+00:00,9.2,9.21,9.08,9.09,78269.61,716453.2098,APT/USD,APTUSDT,1h,binance
2024-05-22 12:00:00+00:00,9.08,9.14,8.9,8.92,238579.51,2149936.2596,APT/USD,APTUSDT,1h,binance
2024-05-22 13:00:00+00:00,8.92,9.05,8.91,9.05,161024.19,1444284.2824,APT/USD,APTUSDT,1h,binance
2024-05-22 14:00:00+00:00,9.05,9.15,8.99,9.11,209226.85,1898569.1374,APT/USD,APTUSDT,1h,binance
2024-05-22 15:00:00+00:00,9.11,9.28,9.05,9.22,238981.5,2193285.9751,APT/USD,APTUSDT,1h,binance
2024-05-22 16:00:00+00:00,9.23,9.24,9.09,9.15,191221.78,1751532.3818,APT/USD,APTUSDT,1h,binance
2024-05-22 17:00:00+00:00,9.14,9.24,9.09,9.11,193898.2,1775871.918,APT/USD,APTUSDT,1h,binance
2024-05-22 18:00:00+00:00,9.11,9.13,8.97,9.06,193197.07,1746616.4502,APT/USD,APTUSDT,1h,binance
2024-05-22 19:00:00+00:00,9.06,9.13,9.04,9.09,106126.3,963820.4584,APT/USD,APTUSDT,1h,binance
2024-05-22 20:00:00+00:00,9.09,9.15,8.99,9.04,217086.95,1968356.8182,APT/USD,APTUSDT,1h,binance
2024-05-22 21:00:00+00:00,9.04,9.13,8.98,9.1,115729.73,1047189.7555,APT/USD,APTUSDT,1h,binance
2024-05-22 22:00:00+00:00,9.09,9.12,9.01,9.04,81160.71,735722.8391,APT/USD,APTUSDT,1h,binance
2024-05-22 23:00:00+00:00,9.03,9.04,8.97,9.0,60380.4,543411.9848,APT/USD,APTUSDT,1h,binance
2024-05-23 00:00:00+00:00,9.0,9.08,8.99,9.03,69436.67,627215.826,APT/USD,APTUSDT,1h,binance
2024-05-23 01:00:00+00:00,9.02,9.05,8.92,9.03,148770.85,1337320.0265,APT/USD,APTUSDT,1h,binance
2024-05-23 02:00:00+00:00,9.02,9.06,9.0,9.06,47347.76,427696.925,APT/USD,APTUSDT,1h,binance
2024-05-23 03:00:00+00:00,9.06,9.13,9.03,9.1,79776.2,724528.697,APT/USD,APTUSDT,1h,binance
2024-05-23 04:00:00+00:00,9.1,9.11,9.04,9.09,54572.65,495033.5443,APT/USD,APTUSDT,1h,binance
2024-05-23 05:00:00+00:00,9.09,9.1,9.03,9.05,66431.24,602621.9403,APT/USD,APTUSDT,1h,binance
2024-05-23 06:00:00+00:00,9.05,9.1,9.0,9.07,92012.54,831298.9103,APT/USD,APTUSDT,1h,binance
2024-05-23 07:00:00+00:00,9.06,9.09,9.0,9.03,166275.57,1503569.0746,APT/USD,APTUSDT,1h,binance
2024-05-23 08:00:00+00:00,9.04,9.04,8.97,9.0,86646.49,780408.6485,APT/USD,APTUSDT,1h,binance
2024-05-23 09:00:00+00:00,9.0,9.04,8.92,8.95,166771.15,1497279.1997,APT/USD,APTUSDT,1h,binance
2024-05-23 10:00:00+00:00,8.95,9.0,8.91,8.95,140734.66,1261224.6003,APT/USD,APTUSDT,1h,binance
2024-05-23 11:00:00+00:00,8.95,9.14,8.95,9.14,166283.34,1507083.9394,APT/USD,APTUSDT,1h,binance
2024-05-23 12:00:00+00:00,9.13,9.19,8.82,8.96,430001.33,3884801.0048,APT/USD,APTUSDT,1h,binance
2024-05-23 13:00:00+00:00,8.97,9.01,8.59,8.73,907404.63,8003545.4095,APT/USD,APTUSDT,1h,binance
2024-05-23 14:00:00+00:00,8.72,8.8,8.6,8.61,434788.57,3790030.3861,APT/USD,APTUSDT,1h,binance
2024-05-23 15:00:00+00:00,8.61,8.77,8.6,8.75,276610.09,2406625.7485,APT/USD,APTUSDT,1h,binance
2024-05-23 16:00:00+00:00,8.74,8.75,8.68,8.74,180233.88,1570133.8752,APT/USD,APTUSDT,1h,binance
2024-05-23 17:00:00+00:00,8.74,8.75,8.65,8.66,107658.19,938257.9731,APT/USD,APTUSDT,1h,binance
2024-05-23 18:00:00+00:00,8.66,8.68,8.53,8.66,374843.81,3225649.5404,APT/USD,APTUSDT,1h,binance
2024-05-23 19:00:00+00:00,8.66,8.77,8.64,8.67,186057.31,1617383.9685,APT/USD,APTUSDT,1h,binance
2024-05-23 20:00:00+00:00,8.66,8.68,8.28,8.66,531930.04,4531980.5523,APT/USD,APTUSDT,1h,binance
2024-05-23 21:00:00+00:00,8.65,8.89,8.64,8.87,551333.88,4839411.0691,APT/USD,APTUSDT,1h,binance
2024-05-23 22:00:00+00:00,8.87,8.95,8.8,8.87,132411.72,1173380.5487,APT/USD,APTUSDT,1h,binance
2024-05-23 23:00:00+00:00,8.87,8.95,8.84,8.93,103058.42,916662.5898,APT/USD,APTUSDT,1h,binance
2024-05-24 00:00:00+00:00,8.93,9.1,8.9,9.06,195567.29,1763143.9014,APT/USD,APTUSDT,1h,binance
2024-05-24 01:00:00+00:00,9.07,9.07,8.95,8.99,74836.49,673412.5192,APT/USD,APTUSDT,1h,binance
2024-05-24 02:00:00+00:00,8.99,9.06,8.94,9.03,80255.0,720791.2152,APT/USD,APTUSDT,1h,binance
2024-05-24 03:00:00+00:00,9.02,9.19,9.0,9.09,136207.57,1238716.4337,APT/USD,APTUSDT,1h,binance
2024-05-24 04:00:00+00:00,9.09,9.18,9.05,9.17,153769.92,1402475.7112,APT/USD,APTUSDT,1h,binance
2024-05-24 05:00:00+00:00,9.16,9.2,8.98,8.99,210380.92,1910788.6989,APT/USD,APTUSDT,1h,binance
2024-05-24 06:00:00+00:00,8.99,9.02,8.79,8.79,258763.79,2295025.0693,APT/USD,APTUSDT,1h,binance
2024-05-24 07:00:00+00:00,8.79,8.92,8.72,8.88,243683.45,2152482.2689,APT/USD,APTUSDT,1h,binance
2024-05-24 08:00:00+00:00,8.88,8.9,8.69,8.84,147189.78,1293258.6926,APT/USD,APTUSDT,1h,binance
2024-05-24 09:00:00+00:00,8.84,8.86,8.78,8.85,104414.06,921932.3857,APT/USD,APTUSDT,1h,binance
2024-05-24 10:00:00+00:00,8.85,8.88,8.8,8.83,104892.33,927160.4979,APT/USD,APTUSDT,1h,binance
2024-05-24 11:00:00+00:00,8.82,8.9,8.81,8.89,76144.52,674373.4965,APT/USD,APTUSDT,1h,binance
2024-05-24 12:00:00+00:00,8.89,8.97,8.86,8.95,96541.21,861743.3943,APT/USD,APTUSDT,1h,binance
2024-05-24 13:00:00+00:00,8.95,9.0,8.88,8.9,110630.85,989914.3051,APT/USD,APTUSDT,1h,binance
2024-05-24 14:00:00+00:00,8.9,9.2,8.89,9.16,284270.9,2581008.5404,APT/USD,APTUSDT,1h,binance
2024-05-24 15:00:00+00:00,9.16,9.19,8.92,8.95,215633.76,1953763.325,APT/USD,APTUSDT,1h,binance
2024-05-24 16:00:00+00:00,8.95,8.96,8.8,8.8,182585.26,1617796.3982,APT/USD,APTUSDT,1h,binance
2024-05-24 17:00:00+00:00,8.8,8.85,8.75,8.85,115612.54,1017927.4838,APT/USD,APTUSDT,1h,binance
2024-05-24 18:00:00+00:00,8.85,9.01,8.84,8.87,135595.0,1210892.4181,APT/USD,APTUSDT,1h,binance
2024-05-24 19:00:00+00:00,8.88,8.9,8.84,8.9,79687.44,706868.9235,APT/USD,APTUSDT,1h,binance
2024-05-24 20:00:00+00:00,8.9,8.97,8.9,8.92,76426.64,682605.0508,APT/USD,APTUSDT,1h,binance
2024-05-24 21:00:00+00:00,8.91,8.96,8.88,8.92,52789.78,471134.1984,APT/USD,APTUSDT,1h,binance
2024-05-24 22:00:00+00:00,8.92,8.94,8.89,8.94,63354.49,564743.9641,APT/USD,APTUSDT,1h,binance
2024-05-24 23:00:00+00:00,8.94,8.97,8.9,8.96,86182.48,770657.0874,APT/USD,APTUSDT,1h,binance
2024-05-25 00:00:00+00:00,8.95,9.01,8.9,8.95,198053.24,1774485.6082,APT/USD,APTUSDT,1h,binance
2024-05-25 01:00:00+00:00,8.94,9.03,8.91,8.99,148581.32,1330552.3665,APT/USD,APTUSDT,1h,binance
2024-05-25 02:00:00+00:00,8.98,9.06,8.98,9.03,88600.31,799454.9187,APT/USD,APTUSDT,1h,binance
2024-05-25 03:00:00+00:00,9.03,9.12,9.0,9.12,87543.87,794156.813,APT/USD,APTUSDT,1h,binance
2024-05-25 04:00:00+00:00,9.12,9.18,9.11,9.12,93099.03,850891.6863,APT/USD,APTUSDT,1h,binance
2024-05-25 05:00:00+00:00,9.13,9.13,9.05,9.05,52236.66,474534.4418,APT/USD,APTUSDT,1h,binance
2024-05-25 06:00:00+00:00,9.06,9.06,8.98,9.02,83207.56,751425.1122,APT/USD,APTUSDT,1h,binance
2024-05-25 07:00:00+00:00,9.03,9.08,9.02,9.05,78973.57,715304.2093,APT/USD,APTUSDT,1h,binance
2024-05-25 08:00:00+00:00,9.04,9.1,9.03,9.08,46770.98,423956.6644,APT/USD,APTUSDT,1h,binance
2024-05-25 09:00:00+00:00,9.07,9.11,9.01,9.11,76719.07,695568.294,APT/USD,APTUSDT,1h,binance
2024-05-25 10:00:00+00:00,9.11,9.16,9.08,9.14,81218.31,740548.9803,APT/USD,APTUSDT,1h,binance
2024-05-25 11:00:00+00:00,9.14,9.17,9.06,9.08,72228.72,658908.1234,APT/USD,APTUSDT,1h,binance
2024-05-25 12:00:00+00:00,9.08,9.08,9.0,9.05,85706.78,774595.8475,APT/USD,APTUSDT,1h,binance
2024-05-25 13:00:00+00:00,9.05,9.1,8.99,9.01,67880.85,613751.0754,APT/USD,APTUSDT,1h,binance
2024-05-25 14:00:00+00:00,9.0,9.09,8.97,9.09,87913.26,792128.9083,APT/USD,APTUSDT,1h,binance
2024-05-25 15:00:00+00:00,9.08,9.13,9.07,9.1,63422.66,577199.27,APT/USD,APTUSDT,1h,binance
2024-05-25 16:00:00+00:00,9.09,9.1,9.03,9.05,59623.5,540373.4769,APT/USD,APTUSDT,1h,binance
2024-05-25 17:00:00+00:00,9.04,9.07,9.01,9.02,38111.71,344550.0062,APT/USD,APTUSDT,1h,binance
2024-05-25 18:00:00+00:00,9.01,9.06,9.0,9.05,33085.48,298729.1042,APT/USD,APTUSDT,1h,binance
2024-05-25 19:00:00+00:00,9.04,9.08,9.03,9.06,38057.35,344883.849,APT/USD,APTUSDT,1h,binance
2024-05-25 20:00:00+00:00,9.06,9.08,9.0,9.04,39851.68,360107.1275,APT/USD,APTUSDT,1h,binance
2024-05-25 21:00:00+00:00,9.04,9.07,9.03,9.07,35208.03,318761.1683,APT/USD,APTUSDT,1h,binance
2024-05-25 22:00:00+00:00,9.07,9.07,9.02,9.07,34488.91,312098.8054,APT/USD,APTUSDT,1h,binance
2024-05-25 23:00:00+00:00,9.07,9.12,9.06,9.09,54676.3,497310.2865,APT/USD,APTUSDT,1h,binance
2024-05-26 00:00:00+00:00,9.09,9.14,9.05,9.07,56320.41,512065.6608,APT/USD,APTUSDT,1h,binance
2024-05-26 01:00:00+00:00,9.07,9.15,9.07,9.11,54371.47,495924.8974,APT/USD,APTUSDT,1h,binance
2024-05-26 02:00:00+00:00,9.11,9.12,9.0,9.08,94390.7,854849.593,APT/USD,APTUSDT,1h,binance
2024-05-26 03:00:00+00:00,9.08,9.18,9.06,9.15,85984.3,784037.5698,APT/USD,APTUSDT,1h,binance
2024-05-26 04:00:00+00:00,9.14,9.15,9.03,9.03,75841.27,689229.5106,APT/USD,APTUSDT,1h,binance
2024-05-26 05:00:00+00:00,9.03,9.08,9.0,9.08,44168.07,399001.2986,APT/USD,APTUSDT,1h,binance
2024-05-26 06:00:00+00:00,9.08,9.1,9.06,9.08,36402.44,330417.1875,APT/USD,APTUSDT,1h,binance
2024-05-26 07:00:00+00:00,9.09,9.15,9.07,9.1,61031.39,556329.6199,APT/USD,APTUSDT,1h,binance
2024-05-26 08:00:00+00:00,9.09,9.13,9.01,9.04,107729.51,976149.2241,APT/USD,APTUSDT,1h,binance
2024-05-26 09:00:00+00:00,9.04,9.07,8.97,9.0,87569.72,789563.4625,APT/USD,APTUSDT,1h,binance
2024-05-26 10:00:00+00:00,8.99,9.05,8.98,9.05,43987.98,396751.0385,APT/USD,APTUSDT,1h,binance
2024-05-26 11:00:00+00:00,9.05,9.08,9.01,9.02,56530.92,511312.9786,APT/USD,APTUSDT,1h,binance
2024-05-26 12:00:00+00:00,9.02,9.05,8.97,9.03,71309.31,642262.3039,APT/USD,APTUSDT,1h,binance
2024-05-26 13:00:00+00:00,9.03,9.05,8.92,9.0,66194.93,594601.2824,APT/USD,APTUSDT,1h,binance
2024-05-26 14:00:00+00:00,9.0,9.1,8.96,9.09,80550.98,726795.5306,APT/USD,APTUSDT,1h,binance
2024-05-26 15:00:00+00:00,9.09,9.22,9.08,9.14,348501.97,3187722.69,APT/USD,APTUSDT,1h,binance
2024-05-26 16:00:00+00:00,9.13,9.18,9.1,9.13,105807.64,966452.6711,APT/USD,APTUSDT,1h,binance
2024-05-26 17:00:00+00:00,9.12,9.14,9.1,9.11,75693.28,690264.035,APT/USD,APTUSDT,1h,binance
2024-05-26 18:00:00+00:00,9.11,9.13,9.1,9.11,65192.47,593777.6592,APT/USD,APTUSDT,1h,binance
2024-05-26 19:00:00+00:00,9.1,9.14,9.1,9.13,72681.97,662432.2343,APT/USD,APTUSDT,1h,binance
2024-05-26 20:00:00+00:00,9.12,9.13,9.01,9.02,124028.69,1127184.887,APT/USD,APTUSDT,1h,binance
2024-05-26 21:00:00+00:00,9.01,9.06,8.93,9.06,95922.91,862430.6942,APT/USD,APTUSDT,1h,binance
2024-05-26 22:00:00+00:00,9.06,9.15,9.04,9.12,63699.99,579547.1328,APT/USD,APTUSDT,1h,binance
2024-05-26 23:00:00+00:00,9.13,9.13,9.03,9.04,41046.52,372853.4162,APT/USD,APTUSDT,1h,binance
2024-05-27 00:00:00+00:00,9.05,9.12,9.03,9.11,56961.59,517162.2641,APT/USD,APTUSDT,1h,binance
2024-05-27 01:00:00+00:00,9.11,9.21,9.07,9.18,117214.36,1071744.6053,APT/USD,APTUSDT,1h,binance
2024-05-27 02:00:00+00:00,9.18,9.21,9.12,9.15,82900.49,760179.9573,APT/USD,APTUSDT,1h,binance
2024-05-27 03:00:00+00:00,9.15,9.29,9.14,9.26,105414.58,973072.8234,APT/USD,APTUSDT,1h,binance
2024-05-27 04:00:00+00:00,9.26,9.33,9.22,9.24,84305.73,782477.8583,APT/USD,APTUSDT,1h,binance
2024-05-27 05:00:00+00:00,9.25,9.27,9.11,9.2,132911.05,1222632.1808,APT/USD,APTUSDT,1h,binance
2024-05-27 06:00:00+00:00,9.19,9.21,9.11,9.12,83161.41,762338.9565,APT/USD,APTUSDT,1h,binance
2024-05-27 07:00:00+00:00,9.12,9.16,9.08,9.14,84104.72,766911.6464,APT/USD,APTUSDT,1h,binance
2024-05-27 08:00:00+00:00,9.13,9.26,9.12,9.21,95222.12,875120.2439,APT/USD,APTUSDT,1h,binance
2024-05-27 09:00:00+00:00,9.22,9.26,9.19,9.23,122616.3,1131772.5292,APT/USD,APTUSDT,1h,binance
2024-05-27 10:00:00+00:00,9.22,9.34,9.21,9.33,138507.87,1285676.742,APT/USD,APTUSDT,1h,binance
2024-05-27 11:00:00+00:00,9.33,9.42,9.29,9.33,200608.36,1876290.5977,APT/USD,APTUSDT,1h,binance
2024-05-27 12:00:00+00:00,9.32,9.41,9.28,9.38,146823.89,1372730.7245,APT/USD,APTUSDT,1h,binance
2024-05-27 13:00:00+00:00,9.38,9.57,9.37,9.56,371717.98,3532333.3532,APT/USD,APTUSDT,1h,binance
2024-05-27 14:00:00+00:00,9.55,9.59,9.46,9.52,216681.51,2061726.7556,APT/USD,APTUSDT,1h,binance
2024-05-27 15:00:00+00:00,9.52,9.7,9.51,9.69,238224.14,2290293.8238,APT/USD,APTUSDT,1h,binance
2024-05-27 16:00:00+00:00,9.68,9.74,9.63,9.67,235017.35,2279398.8377,APT/USD,APTUSDT,1h,binance
2024-05-27 17:00:00+00:00,9.67,9.69,9.61,9.64,130326.57,1258260.9928,APT/USD,APTUSDT,1h,binance
2024-05-27 18:00:00+00:00,9.63,9.65,9.58,9.58,95497.66,918476.7029,APT/USD,APTUSDT,1h,binance
2024-05-27 19:00:00+00:00,9.58,9.61,9.41,9.48,221195.46,2104101.456,APT/USD,APTUSDT,1h,binance
2024-05-27 20:00:00+00:00,9.47,9.63,9.47,9.63,148507.84,1417938.5102,APT/USD,APTUSDT,1h,binance
2024-05-27 21:00:00+00:00,9.63,9.7,9.6,9.62,99848.35,962629.872,APT/USD,APTUSDT,1h,binance
2024-05-27 22:00:00+00:00,9.62,9.68,9.6,9.62,77844.22,750564.9244,APT/USD,APTUSDT,1h,binance
2024-05-27 23:00:00+00:00,9.62,9.66,9.6,9.66,68491.14,659467.1692,APT/USD,APTUSDT,1h,binance
2024-05-28 00:00:00+00:00,9.66,9.67,9.55,9.58,162122.2,1557297.1096,APT/USD,APTUSDT,1h,binance
2024-05-28 01:00:00+00:00,9.58,9.67,9.44,9.48,207363.72,1978907.5401,APT/USD,APTUSDT,1h,binance
2024-05-28 02:00:00+00:00,9.48,9.57,9.36,9.55,261263.72,2468433.7687,APT/USD,APTUSDT,1h,binance
2024-05-28 03:00:00+00:00,9.55,9.58,9.38,9.44,194966.56,1842172.6799,APT/USD,APTUSDT,1h,binance
2024-05-28 04:00:00+00:00,9.44,9.44,9.22,9.26,253453.02,2354835.214,APT/USD,APTUSDT,1h,binance
2024-05-28 05:00:00+00:00,9.26,9.44,9.22,9.42,144767.84,1348946.2727,APT/USD,APTUSDT,1h,binance
2024-05-28 06:00:00+00:00,9.42,9.46,9.34,9.37,85248.16,801025.7846,APT/USD,APTUSDT,1h,binance
2024-05-28 07:00:00+00:00,9.37,9.39,9.26,9.28,99329.09,924390.2205,APT/USD,APTUSDT,1h,binance
2024-05-28 08:00:00+00:00,9.28,9.42,9.27,9.39,94356.55,883266.8137,APT/USD,APTUSDT,1h,binance
2024-05-28 09:00:00+00:00,9.39,9.44,9.33,9.41,97115.11,911436.0876,APT/USD,APTUSDT,1h,binance
2024-05-28 10:00:00+00:00,9.41,9.53,9.4,9.45,158449.58,1500037.6035,APT/USD,APTUSDT,1h,binance
2024-05-28 11:00:00+00:00,9.45,9.52,9.42,9.48,104757.61,993685.5713,APT/USD,APTUSDT,1h,binance
2024-05-28 12:00:00+00:00,9.49,9.49,9.39,9.4,97796.37,922549.9681,APT/USD,APTUSDT,1h,binance
2024-05-28 13:00:00+00:00,9.4,9.55,9.33,9.39,237306.02,2239101.715,APT/USD,APTUSDT,1h,binance
2024-05-28 14:00:00+00:00,9.39,9.53,9.34,9.45,220307.71,2079963.6728,APT/USD,APTUSDT,1h,binance
2024-05-28 15:00:00+00:00,9.45,9.72,9.36,9.66,228554.55,2172909.6253,APT/USD,APTUSDT,1h,binance
2024-05-28 16:00:00+00:00,9.67,9.68,9.47,9.54,249822.49,2393400.0624,APT/USD,APTUSDT,1h,binance
2024-05-28 17:00:00+00:00,9.54,9.6,9.5,9.52,76279.57,728638.9365,APT/USD,APTUSDT,1h,binance
2024-05-28 18:00:00+00:00,9.52,9.58,9.38,9.44,150953.66,1427404.6917,APT/USD,APTUSDT,1h,binance
2024-05-28 19:00:00+00:00,9.45,9.49,9.42,9.46,121473.22,1148634.0256,APT/USD,APTUSDT,1h,binance
2024-05-28 20:00:00+00:00,9.45,9.49,9.39,9.4,131528.01,1241619.2533,APT/USD,APTUSDT,1h,binance
2024-05-28 21:00:00+00:00,9.4,9.43,9.36,9.37,91414.75,858418.6854,APT/USD,APTUSDT,1h,binance
2024-05-28 22:00:00+00:00,9.36,9.41,9.32,9.33,74589.47,698782.1668,APT/USD,APTUSDT,1h,binance
2024-05-28 23:00:00+00:00,9.33,9.37,9.3,9.36,52909.51,493996.7985,APT/USD,APTUSDT,1h,binance
2024-05-29 00:00:00+00:00,9.36,9.4,9.29,9.3,98435.12,919182.2554,APT/USD,APTUSDT,1h,binance
2024-05-29 01:00:00+00:00,9.3,9.34,9.25,9.28,87496.89,812907.8291,APT/USD,APTUSDT,1h,binance
2024-05-29 02:00:00+00:00,9.28,9.32,9.22,9.29,98870.02,914899.5621,APT/USD,APTUSDT,1h,binance
2024-05-29 03:00:00+00:00,9.29,9.38,9.29,9.35,110134.83,1028960.9673,APT/USD,APTUSDT,1h,binance
2024-05-29 04:00:00+00:00,9.35,9.46,9.34,9.43,87664.65,825330.5711,APT/USD,APTUSDT,1h,binance
2024-05-29 05:00:00+00:00,9.43,9.46,9.4,9.44,57173.62,539096.7671,APT/USD,APTUSDT,1h,binance
2024-05-29 06:00:00+00:00,9.44,9.55,9.44,9.45,104397.41,990150.8681,APT/USD,APTUSDT,1h,binance
2024-05-29 07:00:00+00:00,9.46,9.46,9.34,9.37,124722.37,1172083.7172,APT/USD,APTUSDT,1h,binance
2024-05-29 08:00:00+00:00,9.37,9.4,9.24,9.34,239043.2,2223266.8441,APT/USD,APTUSDT,1h,binance
2024-05-29 09:00:00+00:00,9.34,9.38,9.23,9.31,154948.81,1444228.6425,APT/USD,APTUSDT,1h,binance
2024-05-29 10:00:00+00:00,9.31,9.41,9.3,9.41,85841.85,804406.4664,APT/USD,APTUSDT,1h,binance
2024-05-29 11:00:00+00:00,9.4,9.4,9.27,9.28,67411.41,628273.4634,APT/USD,APTUSDT,1h,binance
2024-05-29 12:00:00+00:00,9.28,9.34,9.23,9.27,112522.11,1044257.6881,APT/USD,APTUSDT,1h,binance
2024-05-29 13:00:00+00:00,9.26,9.34,9.17,9.23,260096.28,2403770.3534,APT/USD,APTUSDT,1h,binance
2024-05-29 14:00:00+00:00,9.23,9.24,9.12,9.16,192990.43,1771712.7459,APT/USD,APTUSDT,1h,binance
2024-05-29 15:00:00+00:00,9.15,9.22,9.11,9.13,160709.81,1471882.7316,APT/USD,APTUSDT,1h,binance
2024-05-29 16:00:00+00:00,9.13,9.19,9.04,9.18,207939.66,1894870.3029,APT/USD,APTUSDT,1h,binance
2024-05-29 17:00:00+00:00,9.18,9.19,9.11,9.19,97649.68,894590.5149,APT/USD,APTUSDT,1h,binance
2024-05-29 18:00:00+00:00,9.18,9.19,9.1,9.12,57611.62,526638.9616,APT/USD,APTUSDT,1h,binance
2024-05-29 19:00:00+00:00,9.12,9.18,9.08,9.09,59502.26,543622.3443,APT/USD,APTUSDT,1h,binance
2024-05-29 20:00:00+00:00,9.09,9.14,9.06,9.13,61629.22,560490.4064,APT/USD,APTUSDT,1h,binance
2024-05-29 21:00:00+00:00,9.12,9.14,9.06,9.13,57584.59,524247.0317,APT/USD,APTUSDT,1h,binance
2024-05-29 22:00:00+00:00,9.12,9.17,9.1,9.14,43251.1,395259.4005,APT/USD,APTUSDT,1h,binance
2024-05-29 23:00:00+00:00,9.14,9.16,9.08,9.09,35567.3,324301.3065,APT/USD,APTUSDT,1h,binance
2024-05-30 00:00:00+00:00,9.09,9.17,9.09,9.11,72705.8,664290.7796,APT/USD,APTUSDT,1h,binance
2024-05-30 01:00:00+00:00,9.11,9.2,9.08,9.17,63560.88,581107.4703,APT/USD,APTUSDT,1h,binance
2024-05-30 02:00:00+00:00,9.16,9.28,9.15,9.21,101362.09,934740.5151,APT/USD,APTUSDT,1h,binance
2024-05-30 03:00:00+00:00,9.21,9.3,9.21,9.29,65769.56,609018.7129,APT/USD,APTUSDT,1h,binance
2024-05-30 04:00:00+00:00,9.29,9.31,9.2,9.23,50650.73,469200.2491,APT/USD,APTUSDT,1h,binance
2024-05-30 05:00:00+00:00,9.23,9.23,9.17,9.21,44800.95,412230.3069,APT/USD,APTUSDT,1h,binance
2024-05-30 06:00:00+00:00,9.21,9.23,9.02,9.04,206216.96,1876053.777,APT/USD,APTUSDT,1h,binance
2024-05-30 07:00:00+00:00,9.04,9.1,8.89,8.93,275494.14,2483494.371,APT/USD,APTUSDT,1h,binance
2024-05-30 08:00:00+00:00,8.93,9.03,8.86,9.03,251070.82,2237308.7391,APT/USD,APTUSDT,1h,binance
2024-05-30 09:00:00+00:00,9.02,9.05,8.99,9.04,72277.99,651360.1881,APT/USD,APTUSDT,1h,binance
2024-05-30 10:00:00+00:00,9.04,9.1,8.96,9.09,85688.22,774810.4796,APT/USD,APTUSDT,1h,binance
2024-05-30 11:00:00+00:00,9.09,9.17,9.05,9.12,96055.67,875612.9517,APT/USD,APTUSDT,1h,binance
2024-05-30 12:00:00+00:00,9.13,9.33,9.11,9.29,191606.24,1769678.2838,APT/USD,APTUSDT,1h,binance
2024-05-30 13:00:00+00:00,9.29,9.36,9.21,9.26,292301.18,2713376.2276,APT/USD,APTUSDT,1h,binance
2024-05-30 14:00:00+00:00,9.26,9.31,9.22,9.22,103341.07,956727.478,APT/USD,APTUSDT,1h,binance
2024-05-30 15:00:00+00:00,9.22,9.32,9.2,9.3,125438.19,1163055.268,APT/USD,APTUSDT,1h,binance
2024-05-30 16:00:00+00:00,9.31,9.41,9.31,9.38,178122.02,1667302.1109,APT/USD,APTUSDT,1h,binance
2024-05-30 17:00:00+00:00,9.37,9.46,9.34,9.42,134879.53,1268062.8536,APT/USD,APTUSDT,1h,binance
2024-05-30 18:00:00+00:00,9.42,9.45,9.39,9.44,79128.59,745799.1714,APT/USD,APTUSDT,1h,binance
2024-05-30 19:00:00+00:00,9.43,9.49,9.3,9.35,154838.76,1450687.2249,APT/USD,APTUSDT,1h,binance
2024-05-30 20:00:00+00:00,9.34,9.35,9.2,9.25,193052.95,1791640.1726,APT/USD,APTUSDT,1h,binance
2024-05-30 21:00:00+00:00,9.24,9.26,9.18,9.23,58562.62,540058.9106,APT/USD,APTUSDT,1h,binance
2024-05-30 22:00:00+00:00,9.23,9.24,9.18,9.2,43176.73,397235.0836,APT/USD,APTUSDT,1h,binance
2024-05-30 23:00:00+00:00,9.19,9.23,9.17,9.19,26949.75,247929.94,APT/USD,APTUSDT,1h,binance
2024-05-31 00:00:00+00:00,9.19,9.19,9.06,9.15,95557.45,871587.6779,APT/USD,APTUSDT,1h,binance
2024-05-31 01:00:00+00:00,9.14,9.21,9.11,9.13,83279.99,762889.8208,APT/USD,APTUSDT,1h,binance
2024-05-31 02:00:00+00:00,9.12,9.21,9.11,9.18,58970.62,540302.1812,APT/USD,APTUSDT,1h,binance
2024-05-31 03:00:00+00:00,9.18,9.24,9.16,9.22,46829.69,431355.2787,APT/USD,APTUSDT,1h,binance
2024-05-31 04:00:00+00:00,9.22,9.24,9.16,9.18,42863.83,394402.5734,APT/USD,APTUSDT,1h,binance
2024-05-31 05:00:00+00:00,9.18,9.19,9.07,9.14,111877.91,1020519.3126,APT/USD,APTUSDT,1h,binance
2024-05-31 06:00:00+00:00,9.14,9.2,9.1,9.13,91130.88,835180.833,APT/USD,APTUSDT,1h,binance
2024-05-31 07:00:00+00:00,9.13,9.18,9.13,9.16,47032.13,430557.4153,APT/USD,APTUSDT,1h,binance
2024-05-31 08:00:00+00:00,9.16,9.2,9.12,9.13,51564.84,472157.852,APT/USD,APTUSDT,1h,binance
2024-05-31 09:00:00+00:00,9.12,9.13,9.04,9.1,92819.85,844230.963,APT/USD,APTUSDT,1h,binance
2024-05-31 10:00:00+00:00,9.11,9.16,9.09,9.13,75887.06,693144.2378,APT/USD,APTUSDT,1h,binance
2024-05-31 11:00:00+00:00,9.14,9.2,9.13,9.18,92533.9,847671.8391,APT/USD,APTUSDT,1h,binance
2024-05-31 12:00:00+00:00,9.17,9.28,9.14,9.22,163568.82,1508233.3226,APT/USD,APTUSDT,1h,binance
2024-05-31 13:00:00+00:00,9.22,9.24,9.09,9.09,144877.46,1326576.0369,APT/USD,APTUSDT,1h,binance
2024-05-31 14:00:00+00:00,9.1,9.14,9.03,9.12,205645.28,1867871.7372,APT/USD,APTUSDT,1h,binance
2024-05-31 15:00:00+00:00,9.12,9.19,9.05,9.07,162366.5,1483627.6221,APT/USD,APTUSDT,1h,binance
2024-05-31 16:00:00+00:00,9.06,9.18,8.97,9.17,278379.63,2523635.4258,APT/USD,APTUSDT,1h,binance
2024-05-31 17:00:00+00:00,9.16,9.21,9.12,9.14,89706.38,822175.593,APT/USD,APTUSDT,1h,binance
2024-05-31 18:00:00+00:00,9.15,9.19,9.12,9.17,63602.33,582082.299,APT/USD,APTUSDT,1h,binance
2024-05-31 19:00:00+00:00,9.16,9.19,9.14,9.16,47371.39,434062.2607,APT/USD,APTUSDT,1h,binance
2024-05-31 20:00:00+00:00,9.16,9.22,9.14,9.19,66734.68,613360.849,APT/USD,APTUSDT,1h,binance
2024-05-31 21:00:00+00:00,9.19,9.25,9.18,9.2,49545.58,456761.6291,APT/USD,APTUSDT,1h,binance
2024-05-31 22:00:00+00:00,9.21,9.23,9.19,9.19,39976.03,368285.9739,APT/USD,APTUSDT,1h,binance
2024-05-31 23:00:00+00:00,9.19,9.21,9.14,9.15,69732.91,639232.8213,APT/USD,APTUSDT,1h,binance
